[
    {
      "fields" : 
      {
        "course" : 
        [
          "Japanese",
          "main"
        ],
        "number" : 164
      },
      "model" : "languages.CourseLevels",
      "pk" : 164
    },
    {
      "fields" : 
      {
        "course" : 
        [
          "Japanese",
          "main"
        ],
        "number" : 165
      },
      "model" : "languages.CourseLevels",
      "pk" : 165
    },
    {
      "fields" : 
      {
        "course" : 
        [
          "Japanese",
          "main"
        ],
        "number" : 166
      },
      "model" : "languages.CourseLevels",
      "pk" : 166
    },
    {
      "fields" : 
      {
        "course" : 
        [
          "Japanese",
          "main"
        ],
        "number" : 167
      },
      "model" : "languages.CourseLevels",
      "pk" : 167
    },
    {
      "fields" : 
      {
        "course" : 
        [
          "Japanese",
          "main"
        ],
        "number" : 168
      },
      "model" : "languages.CourseLevels",
      "pk" : 168
    },
    {
      "fields" : 
      {
        "course" : 
        [
          "Japanese",
          "main"
        ],
        "number" : 169
      },
      "model" : "languages.CourseLevels",
      "pk" : 169
    },
    {
      "fields" : 
      {
        "course" : 
        [
          "Japanese",
          "main"
        ],
        "number" : 170
      },
      "model" : "languages.CourseLevels",
      "pk" : 170
    },
    {
      "fields" : 
      {
        "course" : 
        [
          "Japanese",
          "main"
        ],
        "number" : 171
      },
      "model" : "languages.CourseLevels",
      "pk" : 171
    },
    {
      "fields" : 
      {
        "course" : 
        [
          "Japanese",
          "main"
        ],
        "number" : 172
      },
      "model" : "languages.CourseLevels",
      "pk" : 172
    },
    {
      "fields" : 
      {
        "course" : 
        [
          "Japanese",
          "main"
        ],
        "number" : 173
      },
      "model" : "languages.CourseLevels",
      "pk" : 173
    },
    {
      "fields" : 
      {
        "course" : 
        [
          "Japanese",
          "main"
        ],
        "number" : 174
      },
      "model" : "languages.CourseLevels",
      "pk" : 174
    },
    {
      "fields" : 
      {
        "course" : 
        [
          "Japanese",
          "main"
        ],
        "number" : 175
      },
      "model" : "languages.CourseLevels",
      "pk" : 175
    },
    {
      "fields" : 
      {
        "course" : 
        [
          "Japanese",
          "main"
        ],
        "number" : 176
      },
      "model" : "languages.CourseLevels",
      "pk" : 176
    },
    {
      "fields" : 
      {
        "course" : 
        [
          "Japanese",
          "main"
        ],
        "number" : 177
      },
      "model" : "languages.CourseLevels",
      "pk" : 177
    },
    {
      "fields" : 
      {
        "course" : 
        [
          "Japanese",
          "main"
        ],
        "number" : 178
      },
      "model" : "languages.CourseLevels",
      "pk" : 178
    },
    {
      "fields" : 
      {
        "course" : 
        [
          "Japanese",
          "main"
        ],
        "number" : 179
      },
      "model" : "languages.CourseLevels",
      "pk" : 179
    },
    {
      "fields" : 
      {
        "course" : 
        [
          "Japanese",
          "main"
        ],
        "number" : 180
      },
      "model" : "languages.CourseLevels",
      "pk" : 180
    },
    {
      "fields" : 
      {
        "course" : 
        [
          "Japanese",
          "main"
        ],
        "number" : 181
      },
      "model" : "languages.CourseLevels",
      "pk" : 181
    },
    {
      "fields" : 
      {
        "course" : 
        [
          "Japanese",
          "main"
        ],
        "number" : 182
      },
      "model" : "languages.CourseLevels",
      "pk" : 182
    },
    {
      "fields" : 
      {
        "course" : 
        [
          "Japanese",
          "main"
        ],
        "number" : 183
      },
      "model" : "languages.CourseLevels",
      "pk" : 183
    },
    {
      "fields" : 
      {
        "course" : 
        [
          "Japanese",
          "main"
        ],
        "number" : 184
      },
      "model" : "languages.CourseLevels",
      "pk" : 184
    },
    {
      "fields" : 
      {
        "course" : 
        [
          "Japanese",
          "main"
        ],
        "number" : 185
      },
      "model" : "languages.CourseLevels",
      "pk" : 185
    },
    {
      "fields" : 
      {
        "course" : 
        [
          "Japanese",
          "main"
        ],
        "number" : 186
      },
      "model" : "languages.CourseLevels",
      "pk" : 186
    },
    {
      "fields" : 
      {
        "course" : 
        [
          "Japanese",
          "main"
        ],
        "course_level" : 
        [
          27,
          "Japanese",
          "main"
        ],
        "has_unique_subject_model" : true,
        "language" : 
        [
          "Japanese"
        ],
        "polymorphic_ctype" : 
        [
          "subjects",
          "radical"
        ],
        "position_in_course_level" : 2,
        "srs_type" : 
        [
          "fast"
        ],
        "subject_type" : "alphabet"
      },
      "model" : "subjects.Subject",
      "pk" : 209
    },
    {
      "fields" : 
      {
        "course" : 
        [
          "Japanese",
          "main"
        ],
        "course_level" : 
        [
          38,
          "Japanese",
          "main"
        ],
        "has_unique_subject_model" : true,
        "language" : 
        [
          "Japanese"
        ],
        "polymorphic_ctype" : 
        [
          "subjects",
          "radical"
        ],
        "position_in_course_level" : 0,
        "srs_type" : 
        [
          "fast"
        ],
        "subject_type" : "alphabet"
      },
      "model" : "subjects.Subject",
      "pk" : 212
    },
    {
      "fields" : 
      {
        "course" : 
        [
          "Japanese",
          "main"
        ],
        "course_level" : 
        [
          73,
          "Japanese",
          "main"
        ],
        "has_unique_subject_model" : true,
        "language" : 
        [
          "Japanese"
        ],
        "polymorphic_ctype" : 
        [
          "subjects",
          "radical"
        ],
        "position_in_course_level" : 0,
        "srs_type" : 
        [
          "fast"
        ],
        "subject_type" : "alphabet"
      },
      "model" : "subjects.Subject",
      "pk" : 213
    },
    {
      "fields" : 
      {
        "course" : 
        [
          "Japanese",
          "main"
        ],
        "course_level" : 
        [
          34,
          "Japanese",
          "main"
        ],
        "has_unique_subject_model" : true,
        "language" : 
        [
          "Japanese"
        ],
        "polymorphic_ctype" : 
        [
          "subjects",
          "radical"
        ],
        "position_in_course_level" : 0,
        "srs_type" : 
        [
          "fast"
        ],
        "subject_type" : "alphabet"
      },
      "model" : "subjects.Subject",
      "pk" : 214
    },
    {
      "fields" : 
      {
        "course" : 
        [
          "Japanese",
          "main"
        ],
        "course_level" : 
        [
          27,
          "Japanese",
          "main"
        ],
        "has_unique_subject_model" : true,
        "language" : 
        [
          "Japanese"
        ],
        "polymorphic_ctype" : 
        [
          "subjects",
          "radical"
        ],
        "position_in_course_level" : 1,
        "srs_type" : 
        [
          "fast"
        ],
        "subject_type" : "alphabet"
      },
      "model" : "subjects.Subject",
      "pk" : 215
    },
    {
      "fields" : 
      {
        "course" : 
        [
          "Japanese",
          "main"
        ],
        "course_level" : 
        [
          20,
          "Japanese",
          "main"
        ],
        "has_unique_subject_model" : true,
        "language" : 
        [
          "Japanese"
        ],
        "polymorphic_ctype" : 
        [
          "subjects",
          "radical"
        ],
        "position_in_course_level" : 1,
        "srs_type" : 
        [
          "fast"
        ],
        "subject_type" : "alphabet"
      },
      "model" : "subjects.Subject",
      "pk" : 218
    },
    {
      "fields" : 
      {
        "course" : 
        [
          "Japanese",
          "main"
        ],
        "course_level" : 
        [
          28,
          "Japanese",
          "main"
        ],
        "has_unique_subject_model" : true,
        "language" : 
        [
          "Japanese"
        ],
        "polymorphic_ctype" : 
        [
          "subjects",
          "radical"
        ],
        "position_in_course_level" : 0,
        "srs_type" : 
        [
          "fast"
        ],
        "subject_type" : "alphabet"
      },
      "model" : "subjects.Subject",
      "pk" : 219
    },
    {
      "fields" : 
      {
        "course" : 
        [
          "Japanese",
          "main"
        ],
        "course_level" : 
        [
          37,
          "Japanese",
          "main"
        ],
        "has_unique_subject_model" : true,
        "language" : 
        [
          "Japanese"
        ],
        "polymorphic_ctype" : 
        [
          "subjects",
          "radical"
        ],
        "position_in_course_level" : 0,
        "srs_type" : 
        [
          "fast"
        ],
        "subject_type" : "alphabet"
      },
      "model" : "subjects.Subject",
      "pk" : 220
    },
    {
      "fields" : 
      {
        "course" : 
        [
          "Japanese",
          "main"
        ],
        "course_level" : 
        [
          32,
          "Japanese",
          "main"
        ],
        "has_unique_subject_model" : true,
        "language" : 
        [
          "Japanese"
        ],
        "polymorphic_ctype" : 
        [
          "subjects",
          "radical"
        ],
        "position_in_course_level" : 0,
        "srs_type" : 
        [
          "fast"
        ],
        "subject_type" : "alphabet"
      },
      "model" : "subjects.Subject",
      "pk" : 221
    },
    {
      "fields" : 
      {
        "course" : 
        [
          "Japanese",
          "main"
        ],
        "course_level" : 
        [
          26,
          "Japanese",
          "main"
        ],
        "has_unique_subject_model" : true,
        "language" : 
        [
          "Japanese"
        ],
        "polymorphic_ctype" : 
        [
          "subjects",
          "radical"
        ],
        "position_in_course_level" : 3,
        "srs_type" : 
        [
          "fast"
        ],
        "subject_type" : "alphabet"
      },
      "model" : "subjects.Subject",
      "pk" : 222
    },
    {
      "fields" : 
      {
        "course" : 
        [
          "Japanese",
          "main"
        ],
        "course_level" : 
        [
          88,
          "Japanese",
          "main"
        ],
        "has_unique_subject_model" : true,
        "language" : 
        [
          "Japanese"
        ],
        "polymorphic_ctype" : 
        [
          "subjects",
          "radical"
        ],
        "position_in_course_level" : 0,
        "srs_type" : 
        [
          "fast"
        ],
        "subject_type" : "alphabet"
      },
      "model" : "subjects.Subject",
      "pk" : 224
    },
    {
      "fields" : 
      {
        "course" : 
        [
          "Japanese",
          "main"
        ],
        "course_level" : 
        [
          45,
          "Japanese",
          "main"
        ],
        "has_unique_subject_model" : true,
        "language" : 
        [
          "Japanese"
        ],
        "polymorphic_ctype" : 
        [
          "subjects",
          "radical"
        ],
        "position_in_course_level" : 0,
        "srs_type" : 
        [
          "fast"
        ],
        "subject_type" : "alphabet"
      },
      "model" : "subjects.Subject",
      "pk" : 229
    },
    {
      "fields" : 
      {
        "course" : 
        [
          "Japanese",
          "main"
        ],
        "course_level" : 
        [
          117,
          "Japanese",
          "main"
        ],
        "has_unique_subject_model" : true,
        "language" : 
        [
          "Japanese"
        ],
        "polymorphic_ctype" : 
        [
          "subjects",
          "radical"
        ],
        "position_in_course_level" : 1,
        "srs_type" : 
        [
          "fast"
        ],
        "subject_type" : "alphabet"
      },
      "model" : "subjects.Subject",
      "pk" : 230
    },
    {
      "fields" : 
      {
        "course" : 
        [
          "Japanese",
          "main"
        ],
        "course_level" : 
        [
          38,
          "Japanese",
          "main"
        ],
        "has_unique_subject_model" : true,
        "language" : 
        [
          "Japanese"
        ],
        "polymorphic_ctype" : 
        [
          "subjects",
          "radical"
        ],
        "position_in_course_level" : 1,
        "srs_type" : 
        [
          "fast"
        ],
        "subject_type" : "alphabet"
      },
      "model" : "subjects.Subject",
      "pk" : 236
    },
    {
      "fields" : 
      {
        "course" : 
        [
          "Japanese",
          "main"
        ],
        "course_level" : 
        [
          53,
          "Japanese",
          "main"
        ],
        "has_unique_subject_model" : true,
        "language" : 
        [
          "Japanese"
        ],
        "polymorphic_ctype" : 
        [
          "subjects",
          "radical"
        ],
        "position_in_course_level" : 0,
        "srs_type" : 
        [
          "fast"
        ],
        "subject_type" : "alphabet"
      },
      "model" : "subjects.Subject",
      "pk" : 238
    },
    {
      "fields" : 
      {
        "course" : 
        [
          "Japanese",
          "main"
        ],
        "course_level" : 
        [
          87,
          "Japanese",
          "main"
        ],
        "has_unique_subject_model" : true,
        "language" : 
        [
          "Japanese"
        ],
        "polymorphic_ctype" : 
        [
          "subjects",
          "radical"
        ],
        "position_in_course_level" : 0,
        "srs_type" : 
        [
          "fast"
        ],
        "subject_type" : "alphabet"
      },
      "model" : "subjects.Subject",
      "pk" : 239
    },
    {
      "fields" : 
      {
        "course" : 
        [
          "Japanese",
          "main"
        ],
        "course_level" : 
        [
          35,
          "Japanese",
          "main"
        ],
        "has_unique_subject_model" : true,
        "language" : 
        [
          "Japanese"
        ],
        "polymorphic_ctype" : 
        [
          "subjects",
          "radical"
        ],
        "position_in_course_level" : 0,
        "srs_type" : 
        [
          "fast"
        ],
        "subject_type" : "alphabet"
      },
      "model" : "subjects.Subject",
      "pk" : 240
    },
    {
      "fields" : 
      {
        "course" : 
        [
          "Japanese",
          "main"
        ],
        "course_level" : 
        [
          117,
          "Japanese",
          "main"
        ],
        "has_unique_subject_model" : true,
        "language" : 
        [
          "Japanese"
        ],
        "polymorphic_ctype" : 
        [
          "subjects",
          "radical"
        ],
        "position_in_course_level" : 0,
        "srs_type" : 
        [
          "fast"
        ],
        "subject_type" : "alphabet"
      },
      "model" : "subjects.Subject",
      "pk" : 241
    },
    {
      "fields" : 
      {
        "course" : 
        [
          "Japanese",
          "main"
        ],
        "course_level" : 
        [
          31,
          "Japanese",
          "main"
        ],
        "has_unique_subject_model" : true,
        "language" : 
        [
          "Japanese"
        ],
        "polymorphic_ctype" : 
        [
          "subjects",
          "radical"
        ],
        "position_in_course_level" : 0,
        "srs_type" : 
        [
          "fast"
        ],
        "subject_type" : "alphabet"
      },
      "model" : "subjects.Subject",
      "pk" : 242
    },
    {
      "fields" : 
      {
        "course" : 
        [
          "Japanese",
          "main"
        ],
        "course_level" : 
        [
          39,
          "Japanese",
          "main"
        ],
        "has_unique_subject_model" : true,
        "language" : 
        [
          "Japanese"
        ],
        "polymorphic_ctype" : 
        [
          "subjects",
          "radical"
        ],
        "position_in_course_level" : 0,
        "srs_type" : 
        [
          "fast"
        ],
        "subject_type" : "alphabet"
      },
      "model" : "subjects.Subject",
      "pk" : 243
    },
    {
      "fields" : 
      {
        "course" : 
        [
          "Japanese",
          "main"
        ],
        "course_level" : 
        [
          74,
          "Japanese",
          "main"
        ],
        "has_unique_subject_model" : true,
        "language" : 
        [
          "Japanese"
        ],
        "polymorphic_ctype" : 
        [
          "subjects",
          "radical"
        ],
        "position_in_course_level" : 0,
        "srs_type" : 
        [
          "fast"
        ],
        "subject_type" : "alphabet"
      },
      "model" : "subjects.Subject",
      "pk" : 244
    },
    {
      "fields" : 
      {
        "course" : 
        [
          "Japanese",
          "main"
        ],
        "course_level" : 
        [
          52,
          "Japanese",
          "main"
        ],
        "has_unique_subject_model" : true,
        "language" : 
        [
          "Japanese"
        ],
        "polymorphic_ctype" : 
        [
          "subjects",
          "radical"
        ],
        "position_in_course_level" : 1,
        "srs_type" : 
        [
          "fast"
        ],
        "subject_type" : "alphabet"
      },
      "model" : "subjects.Subject",
      "pk" : 245
    },
    {
      "fields" : 
      {
        "course" : 
        [
          "Japanese",
          "main"
        ],
        "course_level" : 
        [
          30,
          "Japanese",
          "main"
        ],
        "has_unique_subject_model" : true,
        "language" : 
        [
          "Japanese"
        ],
        "polymorphic_ctype" : 
        [
          "subjects",
          "radical"
        ],
        "position_in_course_level" : 1,
        "srs_type" : 
        [
          "fast"
        ],
        "subject_type" : "alphabet"
      },
      "model" : "subjects.Subject",
      "pk" : 246
    },
    {
      "fields" : 
      {
        "course" : 
        [
          "Japanese",
          "main"
        ],
        "course_level" : 
        [
          30,
          "Japanese",
          "main"
        ],
        "has_unique_subject_model" : true,
        "language" : 
        [
          "Japanese"
        ],
        "polymorphic_ctype" : 
        [
          "subjects",
          "radical"
        ],
        "position_in_course_level" : 0,
        "srs_type" : 
        [
          "fast"
        ],
        "subject_type" : "alphabet"
      },
      "model" : "subjects.Subject",
      "pk" : 248
    },
    {
      "fields" : 
      {
        "course" : 
        [
          "Japanese",
          "main"
        ],
        "course_level" : 
        [
          37,
          "Japanese",
          "main"
        ],
        "has_unique_subject_model" : true,
        "language" : 
        [
          "Japanese"
        ],
        "polymorphic_ctype" : 
        [
          "subjects",
          "radical"
        ],
        "position_in_course_level" : 1,
        "srs_type" : 
        [
          "fast"
        ],
        "subject_type" : "alphabet"
      },
      "model" : "subjects.Subject",
      "pk" : 249
    },
    {
      "fields" : 
      {
        "course" : 
        [
          "Japanese",
          "main"
        ],
        "course_level" : 
        [
          119,
          "Japanese",
          "main"
        ],
        "has_unique_subject_model" : true,
        "language" : 
        [
          "Japanese"
        ],
        "polymorphic_ctype" : 
        [
          "subjects",
          "radical"
        ],
        "position_in_course_level" : 0,
        "srs_type" : 
        [
          "fast"
        ],
        "subject_type" : "alphabet"
      },
      "model" : "subjects.Subject",
      "pk" : 252
    },
    {
      "fields" : 
      {
        "course" : 
        [
          "Japanese",
          "main"
        ],
        "course_level" : 
        [
          31,
          "Japanese",
          "main"
        ],
        "has_unique_subject_model" : true,
        "language" : 
        [
          "Japanese"
        ],
        "polymorphic_ctype" : 
        [
          "subjects",
          "radical"
        ],
        "position_in_course_level" : 1,
        "srs_type" : 
        [
          "fast"
        ],
        "subject_type" : "alphabet"
      },
      "model" : "subjects.Subject",
      "pk" : 254
    },
    {
      "fields" : 
      {
        "course" : 
        [
          "Japanese",
          "main"
        ],
        "course_level" : 
        [
          28,
          "Japanese",
          "main"
        ],
        "has_unique_subject_model" : true,
        "language" : 
        [
          "Japanese"
        ],
        "polymorphic_ctype" : 
        [
          "subjects",
          "radical"
        ],
        "position_in_course_level" : 1,
        "srs_type" : 
        [
          "fast"
        ],
        "subject_type" : "alphabet"
      },
      "model" : "subjects.Subject",
      "pk" : 255
    },
    {
      "fields" : 
      {
        "course" : 
        [
          "Japanese",
          "main"
        ],
        "course_level" : 
        [
          43,
          "Japanese",
          "main"
        ],
        "has_unique_subject_model" : true,
        "language" : 
        [
          "Japanese"
        ],
        "polymorphic_ctype" : 
        [
          "subjects",
          "radical"
        ],
        "position_in_course_level" : 0,
        "srs_type" : 
        [
          "fast"
        ],
        "subject_type" : "alphabet"
      },
      "model" : "subjects.Subject",
      "pk" : 257
    },
    {
      "fields" : 
      {
        "course" : 
        [
          "Japanese",
          "main"
        ],
        "course_level" : 
        [
          31,
          "Japanese",
          "main"
        ],
        "has_unique_subject_model" : true,
        "language" : 
        [
          "Japanese"
        ],
        "polymorphic_ctype" : 
        [
          "subjects",
          "radical"
        ],
        "position_in_course_level" : 2,
        "srs_type" : 
        [
          "fast"
        ],
        "subject_type" : "alphabet"
      },
      "model" : "subjects.Subject",
      "pk" : 258
    },
    {
      "fields" : 
      {
        "course" : 
        [
          "Japanese",
          "main"
        ],
        "course_level" : 
        [
          121,
          "Japanese",
          "main"
        ],
        "has_unique_subject_model" : true,
        "language" : 
        [
          "Japanese"
        ],
        "polymorphic_ctype" : 
        [
          "subjects",
          "radical"
        ],
        "position_in_course_level" : 0,
        "srs_type" : 
        [
          "fast"
        ],
        "subject_type" : "alphabet"
      },
      "model" : "subjects.Subject",
      "pk" : 259
    },
    {
      "fields" : 
      {
        "course" : 
        [
          "Japanese",
          "main"
        ],
        "course_level" : 
        [
          26,
          "Japanese",
          "main"
        ],
        "has_unique_subject_model" : true,
        "language" : 
        [
          "Japanese"
        ],
        "polymorphic_ctype" : 
        [
          "subjects",
          "radical"
        ],
        "position_in_course_level" : 2,
        "srs_type" : 
        [
          "fast"
        ],
        "subject_type" : "alphabet"
      },
      "model" : "subjects.Subject",
      "pk" : 260
    },
    {
      "fields" : 
      {
        "course" : 
        [
          "Japanese",
          "main"
        ],
        "course_level" : 
        [
          26,
          "Japanese",
          "main"
        ],
        "has_unique_subject_model" : true,
        "language" : 
        [
          "Japanese"
        ],
        "polymorphic_ctype" : 
        [
          "subjects",
          "radical"
        ],
        "position_in_course_level" : 1,
        "srs_type" : 
        [
          "fast"
        ],
        "subject_type" : "alphabet"
      },
      "model" : "subjects.Subject",
      "pk" : 261
    },
    {
      "fields" : 
      {
        "course" : 
        [
          "Japanese",
          "main"
        ],
        "course_level" : 
        [
          69,
          "Japanese",
          "main"
        ],
        "has_unique_subject_model" : true,
        "language" : 
        [
          "Japanese"
        ],
        "polymorphic_ctype" : 
        [
          "subjects",
          "radical"
        ],
        "position_in_course_level" : 0,
        "srs_type" : 
        [
          "fast"
        ],
        "subject_type" : "alphabet"
      },
      "model" : "subjects.Subject",
      "pk" : 262
    },
    {
      "fields" : 
      {
        "course" : 
        [
          "Japanese",
          "main"
        ],
        "course_level" : 
        [
          68,
          "Japanese",
          "main"
        ],
        "has_unique_subject_model" : true,
        "language" : 
        [
          "Japanese"
        ],
        "polymorphic_ctype" : 
        [
          "subjects",
          "radical"
        ],
        "position_in_course_level" : 0,
        "srs_type" : 
        [
          "fast"
        ],
        "subject_type" : "alphabet"
      },
      "model" : "subjects.Subject",
      "pk" : 264
    },
    {
      "fields" : 
      {
        "course" : 
        [
          "Japanese",
          "main"
        ],
        "course_level" : 
        [
          26,
          "Japanese",
          "main"
        ],
        "has_unique_subject_model" : true,
        "language" : 
        [
          "Japanese"
        ],
        "polymorphic_ctype" : 
        [
          "subjects",
          "radical"
        ],
        "position_in_course_level" : 0,
        "srs_type" : 
        [
          "fast"
        ],
        "subject_type" : "alphabet"
      },
      "model" : "subjects.Subject",
      "pk" : 266
    },
    {
      "fields" : 
      {
        "course" : 
        [
          "Japanese",
          "main"
        ],
        "course_level" : 
        [
          33,
          "Japanese",
          "main"
        ],
        "has_unique_subject_model" : true,
        "language" : 
        [
          "Japanese"
        ],
        "polymorphic_ctype" : 
        [
          "subjects",
          "radical"
        ],
        "position_in_course_level" : 0,
        "srs_type" : 
        [
          "fast"
        ],
        "subject_type" : "alphabet"
      },
      "model" : "subjects.Subject",
      "pk" : 269
    },
    {
      "fields" : 
      {
        "course" : 
        [
          "Japanese",
          "main"
        ],
        "course_level" : 
        [
          73,
          "Japanese",
          "main"
        ],
        "has_unique_subject_model" : true,
        "language" : 
        [
          "Japanese"
        ],
        "polymorphic_ctype" : 
        [
          "subjects",
          "radical"
        ],
        "position_in_course_level" : 1,
        "srs_type" : 
        [
          "fast"
        ],
        "subject_type" : "alphabet"
      },
      "model" : "subjects.Subject",
      "pk" : 270
    },
    {
      "fields" : 
      {
        "course" : 
        [
          "Japanese",
          "main"
        ],
        "course_level" : 
        [
          131,
          "Japanese",
          "main"
        ],
        "has_unique_subject_model" : true,
        "language" : 
        [
          "Japanese"
        ],
        "polymorphic_ctype" : 
        [
          "subjects",
          "radical"
        ],
        "position_in_course_level" : 0,
        "srs_type" : 
        [
          "fast"
        ],
        "subject_type" : "alphabet"
      },
      "model" : "subjects.Subject",
      "pk" : 273
    },
    {
      "fields" : 
      {
        "course" : 
        [
          "Japanese",
          "main"
        ],
        "course_level" : 
        [
          74,
          "Japanese",
          "main"
        ],
        "has_unique_subject_model" : true,
        "language" : 
        [
          "Japanese"
        ],
        "polymorphic_ctype" : 
        [
          "subjects",
          "radical"
        ],
        "position_in_course_level" : 1,
        "srs_type" : 
        [
          "fast"
        ],
        "subject_type" : "alphabet"
      },
      "model" : "subjects.Subject",
      "pk" : 274
    },
    {
      "fields" : 
      {
        "course" : 
        [
          "Japanese",
          "main"
        ],
        "course_level" : 
        [
          67,
          "Japanese",
          "main"
        ],
        "has_unique_subject_model" : true,
        "language" : 
        [
          "Japanese"
        ],
        "polymorphic_ctype" : 
        [
          "subjects",
          "radical"
        ],
        "position_in_course_level" : 0,
        "srs_type" : 
        [
          "fast"
        ],
        "subject_type" : "alphabet"
      },
      "model" : "subjects.Subject",
      "pk" : 276
    },
    {
      "fields" : 
      {
        "course" : 
        [
          "Japanese",
          "main"
        ],
        "course_level" : 
        [
          32,
          "Japanese",
          "main"
        ],
        "has_unique_subject_model" : true,
        "language" : 
        [
          "Japanese"
        ],
        "polymorphic_ctype" : 
        [
          "subjects",
          "radical"
        ],
        "position_in_course_level" : 1,
        "srs_type" : 
        [
          "fast"
        ],
        "subject_type" : "alphabet"
      },
      "model" : "subjects.Subject",
      "pk" : 279
    },
    {
      "fields" : 
      {
        "course" : 
        [
          "Japanese",
          "main"
        ],
        "course_level" : 
        [
          44,
          "Japanese",
          "main"
        ],
        "has_unique_subject_model" : true,
        "language" : 
        [
          "Japanese"
        ],
        "polymorphic_ctype" : 
        [
          "subjects",
          "radical"
        ],
        "position_in_course_level" : 0,
        "srs_type" : 
        [
          "fast"
        ],
        "subject_type" : "alphabet"
      },
      "model" : "subjects.Subject",
      "pk" : 280
    },
    {
      "fields" : 
      {
        "course" : 
        [
          "Japanese",
          "main"
        ],
        "course_level" : 
        [
          27,
          "Japanese",
          "main"
        ],
        "has_unique_subject_model" : true,
        "language" : 
        [
          "Japanese"
        ],
        "polymorphic_ctype" : 
        [
          "subjects",
          "radical"
        ],
        "position_in_course_level" : 0,
        "srs_type" : 
        [
          "fast"
        ],
        "subject_type" : "alphabet"
      },
      "model" : "subjects.Subject",
      "pk" : 293
    },
    {
      "fields" : 
      {
        "course" : 
        [
          "Japanese",
          "main"
        ],
        "course_level" : 
        [
          120,
          "Japanese",
          "main"
        ],
        "has_unique_subject_model" : true,
        "language" : 
        [
          "Japanese"
        ],
        "polymorphic_ctype" : 
        [
          "subjects",
          "radical"
        ],
        "position_in_course_level" : 0,
        "srs_type" : 
        [
          "fast"
        ],
        "subject_type" : "alphabet"
      },
      "model" : "subjects.Subject",
      "pk" : 294
    },
    {
      "fields" : 
      {
        "course" : 
        [
          "Japanese",
          "main"
        ],
        "course_level" : 
        [
          20,
          "Japanese",
          "main"
        ],
        "has_unique_subject_model" : true,
        "language" : 
        [
          "Japanese"
        ],
        "polymorphic_ctype" : 
        [
          "subjects",
          "radical"
        ],
        "position_in_course_level" : 0,
        "srs_type" : 
        [
          "fast"
        ],
        "subject_type" : "alphabet"
      },
      "model" : "subjects.Subject",
      "pk" : 295
    },
    {
      "fields" : 
      {
        "course" : 
        [
          "Japanese",
          "main"
        ],
        "course_level" : 
        [
          71,
          "Japanese",
          "main"
        ],
        "has_unique_subject_model" : true,
        "language" : 
        [
          "Japanese"
        ],
        "polymorphic_ctype" : 
        [
          "subjects",
          "radical"
        ],
        "position_in_course_level" : 0,
        "srs_type" : 
        [
          "fast"
        ],
        "subject_type" : "alphabet"
      },
      "model" : "subjects.Subject",
      "pk" : 298
    },
    {
      "fields" : 
      {
        "course" : 
        [
          "Japanese",
          "main"
        ],
        "course_level" : 
        [
          71,
          "Japanese",
          "main"
        ],
        "has_unique_subject_model" : true,
        "language" : 
        [
          "Japanese"
        ],
        "polymorphic_ctype" : 
        [
          "subjects",
          "radical"
        ],
        "position_in_course_level" : 1,
        "srs_type" : 
        [
          "fast"
        ],
        "subject_type" : "alphabet"
      },
      "model" : "subjects.Subject",
      "pk" : 300
    },
    {
      "fields" : 
      {
        "character" : "\u8fb0",
        "meaning" : "dragon",
        "mnemonic_explanation" : "",
        "mnemonic_image" : "",
        "mnemonic_image_content_type" : ""
      },
      "model" : "subjects.Radical",
      "pk" : 300
    },
    {
      "fields" : 
      {
        "course" : 
        [
          "Japanese",
          "main"
        ],
        "course_level" : 
        [
          52,
          "Japanese",
          "main"
        ],
        "has_unique_subject_model" : true,
        "language" : 
        [
          "Japanese"
        ],
        "polymorphic_ctype" : 
        [
          "subjects",
          "radical"
        ],
        "position_in_course_level" : 0,
        "srs_type" : 
        [
          "fast"
        ],
        "subject_type" : "alphabet"
      },
      "model" : "subjects.Subject",
      "pk" : 301
    },
    {
      "fields" : 
      {
        "japanese_subject_type" : "radical",
        "jlpt_level" : null
      },
      "model" : "subjects.JapaneseSubject",
      "pk" : 301
    },
    {
      "fields" : 
      {
        "character" : "\u4e02",
        "meaning" : "reach",
        "mnemonic_explanation" : "",
        "mnemonic_image" : "",
        "mnemonic_image_content_type" : ""
      },
      "model" : "subjects.Radical",
      "pk" : 301
    },
    {
      "fields" : 
      {
        "course" : 
        [
          "Japanese",
          "main"
        ],
        "course_level" : 
        [
          16,
          "Japanese",
          "main"
        ],
        "has_unique_subject_model" : true,
        "language" : 
        [
          "Japanese"
        ],
        "polymorphic_ctype" : 
        [
          "subjects",
          "grammar"
        ],
        "position_in_course_level" : 0,
        "srs_type" : 
        [
          "fast"
        ],
        "subject_type" : "grammar"
      },
      "model" : "subjects.Subject",
      "pk" : 300005
    },
    {
      "fields" : 
      {
        "japanese_subject_type" : "grammar",
        "jlpt_level" : 5
      },
      "model" : "subjects.JapaneseSubject",
      "pk" : 300005
    },
    {
      "fields" : 
      {
        "explanation" : "This particle is used to show that something owns something else. The object to the left of the \u306e particle is the one that owns the object to the right of the particle. If we said A\u306eB, then this would mean A's B. For example, \u30c8\u30df\u30fc\u306e\u30cf\u30f3\u30ab\u30c1 would mean \"Tommy's hankierchief\". You can think of it as having a similar use to \"'s\" in English. This can also be used in between multiple nouns to indicate possession. For example, \u79c1\u306e\u53f3\u306e\u76ee\u3002 \u79c1\u306e\u53f3 alone translates to \"my right\" and you can add another \u306e particle in front of it and a noun such as \u76ee to say \"my right eye\".",
        "formality" : "standard",
        "formality_matters_for_its_questions" : false,
        "meaning" : "Possessive Particle",
        "name" : "\u306e",
        "structure" : "A \u306e B, A \u306e B \u306e C \u306e D etc..."
      },
      "model" : "subjects.Grammar",
      "pk" : 300005
    },
    {
      "fields" : 
      {
        "course" : 
        [
          "Japanese",
          "main"
        ],
        "course_level" : 
        [
          16,
          "Japanese",
          "main"
        ],
        "has_unique_subject_model" : true,
        "language" : 
        [
          "Japanese"
        ],
        "polymorphic_ctype" : 
        [
          "subjects",
          "grammar"
        ],
        "position_in_course_level" : 1,
        "srs_type" : 
        [
          "default"
        ],
        "subject_type" : "grammar"
      },
      "model" : "subjects.Subject",
      "pk" : 300006
    },
    {
      "fields" : 
      {
        "japanese_subject_type" : "grammar",
        "jlpt_level" : 5
      },
      "model" : "subjects.JapaneseSubject",
      "pk" : 300006
    },
    {
      "fields" : 
      {
        "explanation" : "You can use this with two nouns to mean \"and\". Can also use it in between multiple nouns so say A and B and C.",
        "formality" : "standard",
        "formality_matters_for_its_questions" : false,
        "meaning" : "And particle",
        "name" : "\u3068",
        "structure" : "A \u3068 B"
      },
      "model" : "subjects.Grammar",
      "pk" : 300006
    },
    {
      "fields" : 
      {
        "course" : 
        [
          "Japanese",
          "main"
        ],
        "course_level" : 
        [
          17,
          "Japanese",
          "main"
        ],
        "has_unique_subject_model" : true,
        "language" : 
        [
          "Japanese"
        ],
        "polymorphic_ctype" : 
        [
          "subjects",
          "grammar"
        ],
        "position_in_course_level" : 0,
        "srs_type" : 
        [
          "default"
        ],
        "subject_type" : "grammar"
      },
      "model" : "subjects.Subject",
      "pk" : 300007
    },
    {
      "fields" : 
      {
        "japanese_subject_type" : "grammar",
        "jlpt_level" : 5
      },
      "model" : "subjects.JapaneseSubject",
      "pk" : 300007
    },
    {
      "fields" : 
      {
        "explanation" : "This connects two nouns into one. For example, \u30a4\u30bf\u30ea\u30a2\u306e\u30ec\u30b9\u30c8\u30e9\u30f3 (Italian Restaruant) is two separate nouns but turned into one noun. more nouns into one by connecting it with another \u306e. This is technically the same as the \u306e particle for possession, but just another usecase. Instead of being like an \"'s\", you can think of it as meaning \"of\". So \u30a4\u30bf\u30ea\u30a2\u306e\u30ec\u30b9\u30c8\u30e9\u30f3 = The restaurant of Italy = The Italian restaurant.",
        "formality" : "standard",
        "formality_matters_for_its_questions" : false,
        "meaning" : "Particle Connecting Nouns",
        "name" : "\u306e",
        "structure" : "A \u306e B, A \u306e B \u306e C \u306e D etc..."
      },
      "model" : "subjects.Grammar",
      "pk" : 300007
    },
    {
      "fields" : 
      {
        "course" : 
        [
          "Japanese",
          "main"
        ],
        "course_level" : 
        [
          17,
          "Japanese",
          "main"
        ],
        "has_unique_subject_model" : true,
        "language" : 
        [
          "Japanese"
        ],
        "polymorphic_ctype" : 
        [
          "subjects",
          "grammar"
        ],
        "position_in_course_level" : 1,
        "srs_type" : 
        [
          "default"
        ],
        "subject_type" : "grammar"
      },
      "model" : "subjects.Subject",
      "pk" : 300008
    },
    {
      "fields" : 
      {
        "japanese_subject_type" : "grammar",
        "jlpt_level" : 5
      },
      "model" : "subjects.JapaneseSubject",
      "pk" : 300008
    },
    {
      "fields" : 
      {
        "explanation" : "\u3053\u308c is a pronoun meaning \"this\" and is used to refer to something that is relatively close to the speaker. It is used when talking about an object, idea, or situation that is close to the speaker. For example if, Person A was talking to someone about his shoes, the game he is playing, the food he is eating etc. he would refer to it with \u3053\u308c. This applies to distance as well, if there is something in close to you that you are talking about, you would use \u3053\u308c.",
        "formality" : "standard",
        "formality_matters_for_its_questions" : false,
        "meaning" : "This",
        "name" : "\u3053\u308c",
        "structure" : ""
      },
      "model" : "subjects.Grammar",
      "pk" : 300008
    },
    {
      "fields" : 
      {
        "course" : 
        [
          "Japanese",
          "main"
        ],
        "course_level" : 
        [
          17,
          "Japanese",
          "main"
        ],
        "has_unique_subject_model" : true,
        "language" : 
        [
          "Japanese"
        ],
        "polymorphic_ctype" : 
        [
          "subjects",
          "grammar"
        ],
        "position_in_course_level" : 2,
        "srs_type" : 
        [
          "default"
        ],
        "subject_type" : "grammar"
      },
      "model" : "subjects.Subject",
      "pk" : 300009
    },
    {
      "fields" : 
      {
        "japanese_subject_type" : "grammar",
        "jlpt_level" : 5
      },
      "model" : "subjects.JapaneseSubject",
      "pk" : 300009
    },
    {
      "fields" : 
      {
        "explanation" : "\u305d\u308c is a pronoun meaning \"that\" and is used to refer to something that is relatively far from the speaker but close to the listener. It is used when talking about an object, idea, or situation that the listener is aware of. For example if, Person A was talking to Person B about Person B's shoes, the game Person B is playing, the food Person B is eating etc. he would refer to it with \u305d\u308c. This applies to distance as well, if there is something not close to you but close to the person you you are talking to, you would use \u305d\u308c.",
        "formality" : "standard",
        "formality_matters_for_its_questions" : false,
        "meaning" : "That",
        "name" : "\u305d\u308c",
        "structure" : ""
      },
      "model" : "subjects.Grammar",
      "pk" : 300009
    },
    {
      "fields" : 
      {
        "course" : 
        [
          "Japanese",
          "main"
        ],
        "course_level" : 
        [
          17,
          "Japanese",
          "main"
        ],
        "has_unique_subject_model" : true,
        "language" : 
        [
          "Japanese"
        ],
        "polymorphic_ctype" : 
        [
          "subjects",
          "grammar"
        ],
        "position_in_course_level" : 3,
        "srs_type" : 
        [
          "default"
        ],
        "subject_type" : "grammar"
      },
      "model" : "subjects.Subject",
      "pk" : 300010
    },
    {
      "fields" : 
      {
        "japanese_subject_type" : "grammar",
        "jlpt_level" : 5
      },
      "model" : "subjects.JapaneseSubject",
      "pk" : 300010
    },
    {
      "fields" : 
      {
        "explanation" : "\u3042\u308c is a pronoun meaning \"that\" and is used to refer to something that is far from both the speaker and the listener. It is used when talking about an object, idea, or situation that neither the speaker nor the listener is close to, but both are aware of. For example if, Person A and Person B see a stranger and are talking about the stranger's shoes, the game the stranger is playing, the food the stranger is eating etc. he would refer to it with \u3042\u308c. This applies to distance as well, if there is something far from you and the person you are talking to, you would use \u3042\u308c.",
        "formality" : "standard",
        "formality_matters_for_its_questions" : false,
        "meaning" : "That (over there)",
        "name" : "\u3042\u308c",
        "structure" : ""
      },
      "model" : "subjects.Grammar",
      "pk" : 300010
    },
    {
      "fields" : 
      {
        "grammar_point" : 
        [
          "\u3082",
          "Also/Too/As Well Particle"
        ],
        "question_text" : "\u30de\u30c3\u30c6\u30aa\u306f\u30a4\u30bf\u30ea\u30a2\u4eba\u3060\u3002\u30a8\u30df\u30ea\u30a2\u30fc\u30ce<answer>\u3082</answer>\u30a4\u30bf\u30ea\u30a2\u4eba\u3060\u3002",
        "question_type" : "fill in blank"
      },
      "model" : "subjects.GrammarQuestion",
      "pk" : 35
    },
    {
      "fields" : 
      {
        "grammar_point" : 
        [
          "\u3082",
          "Also/Too/As Well Particle"
        ],
        "question_text" : "\u4eca\u65e5<answer>\u3082</answer>\u96e8\u3060\u3002",
        "question_type" : "fill in blank"
      },
      "model" : "subjects.GrammarQuestion",
      "pk" : 36
    },
    {
      "fields" : 
      {
        "grammar_point" : 
        [
          "\u306e",
          "Possessive Particle"
        ],
        "question_text" : "\u30a4\u30bf\u30ea\u30a2<answer>\u306e</answer>\u6728\u306f\u5927\u304d\u3044\u3067\u3059\uff1f",
        "question_type" : "fill in blank"
      },
      "model" : "subjects.GrammarQuestion",
      "pk" : 44
    },
    {
      "fields" : 
      {
        "grammar_point" : 
        [
          "\u306e",
          "Possessive Particle"
        ],
        "question_text" : "\u4eca\u65e5<answer>\u306e</answer>\u30cb\u30e5\u30fc\u30b9\u306f\u3064\u307e\u3089\u306a\u3044\u3067\u3059\u304b\uff1f",
        "question_type" : "fill in blank"
      },
      "model" : "subjects.GrammarQuestion",
      "pk" : 45
    },
    {
      "fields" : 
      {
        "grammar_point" : 
        [
          "\u306e",
          "Possessive Particle"
        ],
        "question_text" : "\u3059\u305a\u304d\u3061\u3083\u3093<answer>\u306e</answer>\u76ee\u306f\u304b\u308f\u3044\u3044\u3067\u3059\u3002",
        "question_type" : "fill in blank"
      },
      "model" : "subjects.GrammarQuestion",
      "pk" : 46
    },
    {
      "fields" : 
      {
        "grammar_point" : 
        [
          "\u306e",
          "Possessive Particle"
        ],
        "question_text" : "\u30b8\u30e7\u30f3<answer>\u306e</answer>\u30b9\u30ea\u30c3\u30d1\u306f\u5c0f\u3055\u3044\u3067\u3059",
        "question_type" : "fill in blank"
      },
      "model" : "subjects.GrammarQuestion",
      "pk" : 47
    },
    {
      "fields" : 
      {
        "grammar_point" : 
        [
          "\u306e",
          "Possessive Particle"
        ],
        "question_text" : "\u3068\u3082\u3053<answer>\u306e</answer>\u30bb\u30fc\u30bf",
        "question_type" : "fill in blank"
      },
      "model" : "subjects.GrammarQuestion",
      "pk" : 48
    },
    {
      "fields" : 
      {
        "grammar_point" : 
        [
          "\u306e",
          "Possessive Particle"
        ],
        "question_text" : "\u307f\u3084\u304e<answer>\u306e</answer>\u30b3\u30fc\u30c8",
        "question_type" : "fill in blank"
      },
      "model" : "subjects.GrammarQuestion",
      "pk" : 49
    },
    {
      "fields" : 
      {
        "grammar_point" : 
        [
          "\u306e",
          "Possessive Particle"
        ],
        "question_text" : "\u79c1<answer>\u306e</answer>\u5de6<answer>\u306e</answer>\u76ee",
        "question_type" : "fill in blank"
      },
      "model" : "subjects.GrammarQuestion",
      "pk" : 50
    },
    {
      "fields" : 
      {
        "grammar_point" : 
        [
          "\u306e",
          "Possessive Particle"
        ],
        "question_text" : "\u79c1<answer>\u306e</answer>\u30b7\u30e3\u30c4\u306f\u53e4\u3044\u3067\u3059\u3002",
        "question_type" : "fill in blank"
      },
      "model" : "subjects.GrammarQuestion",
      "pk" : 51
    },
    {
      "fields" : 
      {
        "grammar_point" : 
        [
          "\u306e",
          "Possessive Particle"
        ],
        "question_text" : "\u5c71<answer>\u306e</answer>\u6728",
        "question_type" : "fill in blank"
      },
      "model" : "subjects.GrammarQuestion",
      "pk" : 52
    },
    {
      "fields" : 
      {
        "grammar_point" : 
        [
          "\u3068",
          "And particle"
        ],
        "question_text" : "\u306f\u308b\u304b\u3061\u3083\u3093<answer>\u3068</answer>\u308a\u306a\u3061\u3083\u3093\u306f\u304b\u308f\u3044\u3044\u3067\u3059\u3002",
        "question_type" : "fill in blank"
      },
      "model" : "subjects.GrammarQuestion",
      "pk" : 53
    },
    {
      "fields" : 
      {
        "grammar_point" : 
        [
          "\u3068",
          "And particle"
        ],
        "question_text" : "\u30bb\u30fc\u30bf\u30fc<answer>\u3068</answer>\u30b3\u30fc\u30c8\u306f\u767d\u3044\u3067\u3059\u3002",
        "question_type" : "fill in blank"
      },
      "model" : "subjects.GrammarQuestion",
      "pk" : 54
    },
    {
      "fields" : 
      {
        "grammar_point" : 
        [
          "\u3068",
          "And particle"
        ],
        "question_text" : "\u5de6<answer>\u3068</answer>\u53f3",
        "question_type" : "fill in blank"
      },
      "model" : "subjects.GrammarQuestion",
      "pk" : 55
    },
    {
      "fields" : 
      {
        "grammar_point" : 
        [
          "\u3068",
          "And particle"
        ],
        "question_text" : "\u30b9\u30d7\u30fc\u30f3<answer>\u3068</answer>\u30d5\u30a9\u30fc\u30af<answer>\u3068</answer>\u30ca\u30a4\u30d5",
        "question_type" : "fill in blank"
      },
      "model" : "subjects.GrammarQuestion",
      "pk" : 56
    },
    {
      "fields" : 
      {
        "grammar_point" : 
        [
          "\u306e",
          "Particle Connecting Nouns"
        ],
        "question_text" : "\u4e2d\u53e4<answer>\u306e</answer>\u30c6\u30fc\u30d7\u30ec\u30b3\u30fc\u30c0\u30fc\u306f\u5927\u304d\u3044\u3067\u3059\u3002",
        "question_type" : "fill in blank"
      },
      "model" : "subjects.GrammarQuestion",
      "pk" : 57
    },
    {
      "fields" : 
      {
        "grammar_point" : 
        [
          "\u306e",
          "Particle Connecting Nouns"
        ],
        "question_text" : "\u65e5\u672c<answer>\u306e</answer>\u672c",
        "question_type" : "fill in blank"
      },
      "model" : "subjects.GrammarQuestion",
      "pk" : 58
    },
    {
      "fields" : 
      {
        "grammar_point" : 
        [
          "\u306e",
          "Particle Connecting Nouns"
        ],
        "question_text" : "\u30d5\u30e9\u30f3\u30b9<answer>\u306e</answer>\u30d0\u30bf\u30fc",
        "question_type" : "fill in blank"
      },
      "model" : "subjects.GrammarQuestion",
      "pk" : 59
    },
    {
      "fields" : 
      {
        "grammar_point" : 
        [
          "\u306e",
          "Particle Connecting Nouns"
        ],
        "question_text" : "\u5927\u4eba<answer>\u306e</answer>\u30b9\u30ea\u30c3\u30d1\u306f\u5927\u304d\u3044\u3067\u3059\u3002",
        "question_type" : "fill in blank"
      },
      "model" : "subjects.GrammarQuestion",
      "pk" : 60
    },
    {
      "fields" : 
      {
        "grammar_point" : 
        [
          "\u306e",
          "Particle Connecting Nouns"
        ],
        "question_text" : "\u30ab\u30ca\u30c0<answer>\u306e</answer>\u30b3\u30c3\u30d7\u306f\u304b\u308f\u3044\u3044\u3067\u3059\u304b\uff1f",
        "question_type" : "fill in blank"
      },
      "model" : "subjects.GrammarQuestion",
      "pk" : 61
    },
    {
      "fields" : 
      {
        "grammar_point" : 
        [
          "\u3053\u308c",
          "This"
        ],
        "question_text" : "<answer>\u3053\u308c</answer>\u306f\u5c0f\u3055\u3044\u72ac\u3060\u3002",
        "question_type" : "fill in blank"
      },
      "model" : "subjects.GrammarQuestion",
      "pk" : 62
    },
    {
      "fields" : 
      {
        "grammar_point" : 
        [
          "\u3053\u308c",
          "This"
        ],
        "question_text" : "<answer>\u3053\u308c</answer>\u306f\u79c1\u306e\u304a\u7236\u3055\u3093\u3067\u3059\u3002",
        "question_type" : "fill in blank"
      },
      "model" : "subjects.GrammarQuestion",
      "pk" : 63
    },
    {
      "fields" : 
      {
        "grammar_point" : 
        [
          "\u3053\u308c",
          "This"
        ],
        "question_text" : "<answer>\u3053\u308c</answer>\u306f\u30ec\u30b9\u30c8\u30e9\u30f3\u306e\u5165\u53e3\u3060\u3002",
        "question_type" : "fill in blank"
      },
      "model" : "subjects.GrammarQuestion",
      "pk" : 64
    },
    {
      "fields" : 
      {
        "grammar_point" : 
        [
          "\u3053\u308c",
          "This"
        ],
        "question_text" : "<answer>\u3053\u308c</answer>\u306f\u767d\u3044\u30b9\u30c8\u30fc\u30d6\u3067\u3059\u3002",
        "question_type" : "fill in blank"
      },
      "model" : "subjects.GrammarQuestion",
      "pk" : 65
    },
    {
      "fields" : 
      {
        "grammar_point" : 
        [
          "\u3053\u308c",
          "This"
        ],
        "question_text" : "<answer>\u3053\u308c</answer>\u306f\u53e4\u3044\u30c6\u30fc\u30d7\u30ec\u30b3\u30fc\u30c0\u30fc\u3067\u3059\u304b\uff1f",
        "question_type" : "fill in blank"
      },
      "model" : "subjects.GrammarQuestion",
      "pk" : 66
    },
    {
      "fields" : 
      {
        "grammar_point" : 
        [
          "\u3053\u308c",
          "This"
        ],
        "question_text" : "<answer>\u3053\u308c</answer>\u306f\u30a2\u30d1\u30fc\u30c8\u3067\u3059\u304b\uff1f",
        "question_type" : "fill in blank"
      },
      "model" : "subjects.GrammarQuestion",
      "pk" : 67
    },
    {
      "fields" : 
      {
        "grammar_point" : 
        [
          "\u305d\u308c",
          "That"
        ],
        "question_text" : "<answer>\u305d\u308c</answer>\u306f\u5c0f\u3055\u3044\u72ac\u3060\u3002",
        "question_type" : "fill in blank"
      },
      "model" : "subjects.GrammarQuestion",
      "pk" : 68
    },
    {
      "fields" : 
      {
        "grammar_point" : 
        [
          "\u305d\u308c",
          "That"
        ],
        "question_text" : "<answer>\u305d\u308c</answer>\u306f\u79c1\u306e\u304a\u7236\u3055\u3093\u3067\u3059\u3002",
        "question_type" : "fill in blank"
      },
      "model" : "subjects.GrammarQuestion",
      "pk" : 69
    },
    {
      "fields" : 
      {
        "grammar_point" : 
        [
          "\u305d\u308c",
          "That"
        ],
        "question_text" : "<answer>\u305d\u308c</answer>\u306f\u30ec\u30b9\u30c8\u30e9\u30f3\u306e\u5165\u53e3\u3060\u3002",
        "question_type" : "fill in blank"
      },
      "model" : "subjects.GrammarQuestion",
      "pk" : 70
    },
    {
      "fields" : 
      {
        "grammar_point" : 
        [
          "\u305d\u308c",
          "That"
        ],
        "question_text" : "<answer>\u305d\u308c</answer>\u306f\u767d\u3044\u30b9\u30c8\u30fc\u30d6\u3067\u3059\u3002",
        "question_type" : "fill in blank"
      },
      "model" : "subjects.GrammarQuestion",
      "pk" : 71
    },
    {
      "fields" : 
      {
        "grammar_point" : 
        [
          "\u305d\u308c",
          "That"
        ],
        "question_text" : "<answer>\u305d\u308c</answer>\u306f\u53e4\u3044\u30c6\u30fc\u30d7\u30ec\u30b3\u30fc\u30c0\u30fc\u3067\u3059\u304b\uff1f",
        "question_type" : "fill in blank"
      },
      "model" : "subjects.GrammarQuestion",
      "pk" : 72
    },
    {
      "fields" : 
      {
        "grammar_point" : 
        [
          "\u305d\u308c",
          "That"
        ],
        "question_text" : "<answer>\u305d\u308c</answer>\u306f\u30a2\u30d1\u30fc\u30c8\u3067\u3059\u304b\uff1f",
        "question_type" : "fill in blank"
      },
      "model" : "subjects.GrammarQuestion",
      "pk" : 73
    },
    {
      "fields" : 
      {
        "grammar_point" : 
        [
          "\u3042\u308c",
          "That (over there)"
        ],
        "question_text" : "<answer>\u3042\u308c</answer>\u306f\u5c0f\u3055\u3044\u72ac\u3060\u3002",
        "question_type" : "fill in blank"
      },
      "model" : "subjects.GrammarQuestion",
      "pk" : 74
    },
    {
      "fields" : 
      {
        "grammar_point" : 
        [
          "\u3042\u308c",
          "That (over there)"
        ],
        "question_text" : "<answer>\u3042\u308c</answer>\u306f\u79c1\u306e\u304a\u7236\u3055\u3093\u3067\u3059\u3002",
        "question_type" : "fill in blank"
      },
      "model" : "subjects.GrammarQuestion",
      "pk" : 75
    },
    {
      "fields" : 
      {
        "grammar_point" : 
        [
          "\u3042\u308c",
          "That (over there)"
        ],
        "question_text" : "<answer>\u3042\u308c</answer>\u306f\u30ec\u30b9\u30c8\u30e9\u30f3\u306e\u5165\u53e3\u3060\u3002",
        "question_type" : "fill in blank"
      },
      "model" : "subjects.GrammarQuestion",
      "pk" : 76
    },
    {
      "fields" : 
      {
        "grammar_point" : 
        [
          "\u3042\u308c",
          "That (over there)"
        ],
        "question_text" : "<answer>\u3042\u308c</answer>\u306f\u767d\u3044\u30b9\u30c8\u30fc\u30d6\u3067\u3059\u3002",
        "question_type" : "fill in blank"
      },
      "model" : "subjects.GrammarQuestion",
      "pk" : 77
    },
    {
      "fields" : 
      {
        "grammar_point" : 
        [
          "\u3042\u308c",
          "That (over there)"
        ],
        "question_text" : "<answer>\u3042\u308c</answer>\u306f\u53e4\u3044\u30c6\u30fc\u30d7\u30ec\u30b3\u30fc\u30c0\u30fc\u3067\u3059\u304b\uff1f",
        "question_type" : "fill in blank"
      },
      "model" : "subjects.GrammarQuestion",
      "pk" : 78
    },
    {
      "fields" : 
      {
        "grammar_point" : 
        [
          "\u3042\u308c",
          "That (over there)"
        ],
        "question_text" : "<answer>\u3042\u308c</answer>\u306f\u30a2\u30d1\u30fc\u30c8\u3067\u3059\u304b\uff1f",
        "question_type" : "fill in blank"
      },
      "model" : "subjects.GrammarQuestion",
      "pk" : 79
    },
    {
      "fields" : 
      {
        "grammar_question" : 44,
        "language" : 
        [
          "English"
        ],
        "translation" : "Are Italy<bold>'s</bold> trees big?"
      },
      "model" : "subjects.GrammarQuestionTranslation",
      "pk" : 44
    },
    {
      "fields" : 
      {
        "grammar_question" : 45,
        "language" : 
        [
          "English"
        ],
        "translation" : "Is today<bold>'s</bold> news boring?"
      },
      "model" : "subjects.GrammarQuestionTranslation",
      "pk" : 45
    },
    {
      "fields" : 
      {
        "grammar_question" : 46,
        "language" : 
        [
          "English"
        ],
        "translation" : "Suzuki<bold>'s</bold> eyes are cute."
      },
      "model" : "subjects.GrammarQuestionTranslation",
      "pk" : 46
    },
    {
      "fields" : 
      {
        "grammar_question" : 47,
        "language" : 
        [
          "English"
        ],
        "translation" : "John<bold>'s</bold> slippers are big."
      },
      "model" : "subjects.GrammarQuestionTranslation",
      "pk" : 47
    },
    {
      "fields" : 
      {
        "grammar_question" : 48,
        "language" : 
        [
          "English"
        ],
        "translation" : "Tomoko<bold>'s</bold> sweater"
      },
      "model" : "subjects.GrammarQuestionTranslation",
      "pk" : 48
    },
    {
      "fields" : 
      {
        "grammar_question" : 49,
        "language" : 
        [
          "English"
        ],
        "translation" : "Miyagi<bold>'s</bold> coat"
      },
      "model" : "subjects.GrammarQuestionTranslation",
      "pk" : 49
    },
    {
      "fields" : 
      {
        "grammar_question" : 50,
        "language" : 
        [
          "English"
        ],
        "translation" : "<bold>My</bold> left eye"
      },
      "model" : "subjects.GrammarQuestionTranslation",
      "pk" : 50
    },
    {
      "fields" : 
      {
        "grammar_question" : 51,
        "language" : 
        [
          "English"
        ],
        "translation" : "<bold>My</bold> shirt is old."
      },
      "model" : "subjects.GrammarQuestionTranslation",
      "pk" : 51
    },
    {
      "fields" : 
      {
        "grammar_question" : 52,
        "language" : 
        [
          "English"
        ],
        "translation" : "The mountain<bold>'s</bold> trees."
      },
      "model" : "subjects.GrammarQuestionTranslation",
      "pk" : 52
    },
    {
      "fields" : 
      {
        "grammar_question" : 53,
        "language" : 
        [
          "English"
        ],
        "translation" : "Haruka <bold>and</bold> Rina are cute."
      },
      "model" : "subjects.GrammarQuestionTranslation",
      "pk" : 53
    },
    {
      "fields" : 
      {
        "grammar_question" : 54,
        "language" : 
        [
          "English"
        ],
        "translation" : "The sweater <bold>and</bold> coat are white."
      },
      "model" : "subjects.GrammarQuestionTranslation",
      "pk" : 54
    },
    {
      "fields" : 
      {
        "grammar_question" : 55,
        "language" : 
        [
          "English"
        ],
        "translation" : "Left <bold>and</bold> right"
      },
      "model" : "subjects.GrammarQuestionTranslation",
      "pk" : 55
    },
    {
      "fields" : 
      {
        "grammar_question" : 56,
        "language" : 
        [
          "English"
        ],
        "translation" : "Spoons<bold>,</bold> forks, <bold>and</bold> knives"
      },
      "model" : "subjects.GrammarQuestionTranslation",
      "pk" : 56
    },
    {
      "fields" : 
      {
        "grammar_question" : 57,
        "language" : 
        [
          "English"
        ],
        "translation" : "The <bold>used taperecorder</bold> is big."
      },
      "model" : "subjects.GrammarQuestionTranslation",
      "pk" : 57
    },
    {
      "fields" : 
      {
        "grammar_question" : 58,
        "language" : 
        [
          "English"
        ],
        "translation" : "<bold>Japanese Book</bold>"
      },
      "model" : "subjects.GrammarQuestionTranslation",
      "pk" : 58
    },
    {
      "fields" : 
      {
        "grammar_question" : 59,
        "language" : 
        [
          "English"
        ],
        "translation" : "<bold>French Butter</bold>"
      },
      "model" : "subjects.GrammarQuestionTranslation",
      "pk" : 59
    },
    {
      "fields" : 
      {
        "grammar_question" : 60,
        "language" : 
        [
          "English"
        ],
        "translation" : "<bold>Adult slippers</bold> are big."
      },
      "model" : "subjects.GrammarQuestionTranslation",
      "pk" : 60
    },
    {
      "fields" : 
      {
        "grammar_question" : 61,
        "language" : 
        [
          "English"
        ],
        "translation" : "Are<bold>Canadian cups</bold> cute?"
      },
      "model" : "subjects.GrammarQuestionTranslation",
      "pk" : 61
    },
    {
      "fields" : 
      {
        "grammar_question" : 62,
        "language" : 
        [
          "English"
        ],
        "translation" : "<bold>This</bold> is a small dog."
      },
      "model" : "subjects.GrammarQuestionTranslation",
      "pk" : 62
    },
    {
      "fields" : 
      {
        "grammar_question" : 63,
        "language" : 
        [
          "English"
        ],
        "translation" : "<bold>This</bold> is my father."
      },
      "model" : "subjects.GrammarQuestionTranslation",
      "pk" : 63
    },
    {
      "fields" : 
      {
        "grammar_question" : 64,
        "language" : 
        [
          "English"
        ],
        "translation" : "<bold>This</bold> is the restaurant's entrance."
      },
      "model" : "subjects.GrammarQuestionTranslation",
      "pk" : 64
    },
    {
      "fields" : 
      {
        "grammar_question" : 65,
        "language" : 
        [
          "English"
        ],
        "translation" : "<bold>This</bold> is a white stove."
      },
      "model" : "subjects.GrammarQuestionTranslation",
      "pk" : 65
    },
    {
      "fields" : 
      {
        "grammar_question" : 66,
        "language" : 
        [
          "English"
        ],
        "translation" : "Is <bold>this</bold> an old tape recorder?"
      },
      "model" : "subjects.GrammarQuestionTranslation",
      "pk" : 66
    },
    {
      "fields" : 
      {
        "grammar_question" : 67,
        "language" : 
        [
          "English"
        ],
        "translation" : "Is <bold>this</bold> an apartment?"
      },
      "model" : "subjects.GrammarQuestionTranslation",
      "pk" : 67
    },
    {
      "fields" : 
      {
        "grammar_question" : 68,
        "language" : 
        [
          "English"
        ],
        "translation" : "<bold>That</bold> is a small dog."
      },
      "model" : "subjects.GrammarQuestionTranslation",
      "pk" : 68
    },
    {
      "fields" : 
      {
        "grammar_question" : 69,
        "language" : 
        [
          "English"
        ],
        "translation" : "<bold>That</bold> is my father."
      },
      "model" : "subjects.GrammarQuestionTranslation",
      "pk" : 69
    },
    {
      "fields" : 
      {
        "grammar_question" : 70,
        "language" : 
        [
          "English"
        ],
        "translation" : "<bold>That</bold> is the restaurant's entrance."
      },
      "model" : "subjects.GrammarQuestionTranslation",
      "pk" : 70
    },
    {
      "fields" : 
      {
        "grammar_question" : 71,
        "language" : 
        [
          "English"
        ],
        "translation" : "<bold>That</bold> is a white stove."
      },
      "model" : "subjects.GrammarQuestionTranslation",
      "pk" : 71
    },
    {
      "fields" : 
      {
        "grammar_question" : 72,
        "language" : 
        [
          "English"
        ],
        "translation" : "Is <bold>that</bold> an old tape recorder?"
      },
      "model" : "subjects.GrammarQuestionTranslation",
      "pk" : 72
    },
    {
      "fields" : 
      {
        "grammar_question" : 73,
        "language" : 
        [
          "English"
        ],
        "translation" : "Is <bold>that</bold> an apartment?"
      },
      "model" : "subjects.GrammarQuestionTranslation",
      "pk" : 73
    },
    {
      "fields" : 
      {
        "grammar_question" : 74,
        "language" : 
        [
          "English"
        ],
        "translation" : "<bold>That (over there)</bold> is a small dog."
      },
      "model" : "subjects.GrammarQuestionTranslation",
      "pk" : 74
    },
    {
      "fields" : 
      {
        "grammar_question" : 75,
        "language" : 
        [
          "English"
        ],
        "translation" : "<bold>That (over there)</bold> is my father."
      },
      "model" : "subjects.GrammarQuestionTranslation",
      "pk" : 75
    },
    {
      "fields" : 
      {
        "grammar_question" : 76,
        "language" : 
        [
          "English"
        ],
        "translation" : "<bold>That (over there)</bold> is the restaurant's entrance."
      },
      "model" : "subjects.GrammarQuestionTranslation",
      "pk" : 76
    },
    {
      "fields" : 
      {
        "grammar_question" : 77,
        "language" : 
        [
          "English"
        ],
        "translation" : "<bold>That (over there)</bold> is a white stove."
      },
      "model" : "subjects.GrammarQuestionTranslation",
      "pk" : 77
    },
    {
      "fields" : 
      {
        "grammar_question" : 78,
        "language" : 
        [
          "English"
        ],
        "translation" : "Is <bold>that (over there)</bold> an old tape recorder?"
      },
      "model" : "subjects.GrammarQuestionTranslation",
      "pk" : 78
    },
    {
      "fields" : 
      {
        "grammar_question" : 79,
        "language" : 
        [
          "English"
        ],
        "translation" : "Is <bold>that (over there)</bold> an apartment?"
      },
      "model" : "subjects.GrammarQuestionTranslation",
      "pk" : 79
    },
    {
      "fields" : 
      {
        "audio_file" : "",
        "example_text" : "\u30aa\u30fc\u30b9\u30c8\u30e9\u30ea\u30a2\u306e\u4eba\u53e3",
        "subject" : 300005
      },
      "model" : "subjects.SubjectExample",
      "pk" : 8
    },
    {
      "fields" : 
      {
        "audio_file" : "",
        "example_text" : "\u79c1\u306e",
        "subject" : 300005
      },
      "model" : "subjects.SubjectExample",
      "pk" : 9
    },
    {
      "fields" : 
      {
        "audio_file" : "",
        "example_text" : "\u79c1\u306e\u304b\u308f\u3044\u3044\u30a2\u30d1\u30fc\u30c8",
        "subject" : 300005
      },
      "model" : "subjects.SubjectExample",
      "pk" : 10
    },
    {
      "fields" : 
      {
        "audio_file" : "",
        "example_text" : "\u30a2\u30f3\u30c9\u30ea\u30e5\u30fc\u3068\u30b9\u30c6\u30a3\u30fc\u30d6\u306f\u3064\u307e\u3089\u306a\u3044\u3067\u3059\u3002",
        "subject" : 300006
      },
      "model" : "subjects.SubjectExample",
      "pk" : 11
    },
    {
      "fields" : 
      {
        "audio_file" : "",
        "example_text" : "\u30d5\u30e9\u30f3\u30b9\u3068\u30b9\u30da\u30a4\u30f3\u3068\u30c9\u30a4\u30c4\u306f\u5927\u304d\u3044\u3067\u3059\u304b\uff1f",
        "subject" : 300006
      },
      "model" : "subjects.SubjectExample",
      "pk" : 12
    },
    {
      "fields" : 
      {
        "audio_file" : "",
        "example_text" : "\u30c9\u30a4\u30c4\u306e\u30ab\u30ec\u30fc",
        "subject" : 300007
      },
      "model" : "subjects.SubjectExample",
      "pk" : 13
    },
    {
      "fields" : 
      {
        "audio_file" : "",
        "example_text" : "\u5c71\u306e\u30ba\u30dc\u30f3",
        "subject" : 300007
      },
      "model" : "subjects.SubjectExample",
      "pk" : 14
    },
    {
      "fields" : 
      {
        "audio_file" : "",
        "example_text" : "\u3053\u308c\u306f\u672c\u3067\u3059\u3002",
        "subject" : 300008
      },
      "model" : "subjects.SubjectExample",
      "pk" : 15
    },
    {
      "fields" : 
      {
        "audio_file" : "",
        "example_text" : "\u3053\u308c\u306f\u30b9\u30d7\u30fc\u30f3\u3060\u3002",
        "subject" : 300008
      },
      "model" : "subjects.SubjectExample",
      "pk" : 16
    },
    {
      "fields" : 
      {
        "audio_file" : "",
        "example_text" : "\u3053\u308c\u306f\u30db\u30c6\u30eb\u306e\u5165\u53e3\u3067\u3059\u3002",
        "subject" : 300008
      },
      "model" : "subjects.SubjectExample",
      "pk" : 17
    },
    {
      "fields" : 
      {
        "audio_file" : "",
        "example_text" : "\u305d\u308c\u306f\u672c\u3067\u3059\u3002",
        "subject" : 300009
      },
      "model" : "subjects.SubjectExample",
      "pk" : 18
    },
    {
      "fields" : 
      {
        "audio_file" : "",
        "example_text" : "\u305d\u308c\u306f\u30b9\u30d7\u30fc\u30f3\u3060\u3002",
        "subject" : 300009
      },
      "model" : "subjects.SubjectExample",
      "pk" : 19
    },
    {
      "fields" : 
      {
        "audio_file" : "",
        "example_text" : "\u305d\u308c\u306f\u30db\u30c6\u30eb\u306e\u5165\u53e3\u3067\u3059\u3002",
        "subject" : 300009
      },
      "model" : "subjects.SubjectExample",
      "pk" : 20
    },
    {
      "fields" : 
      {
        "audio_file" : "",
        "example_text" : "\u3042\u308c\u306f\u672c\u3067\u3059\u3002",
        "subject" : 300010
      },
      "model" : "subjects.SubjectExample",
      "pk" : 21
    },
    {
      "fields" : 
      {
        "audio_file" : "",
        "example_text" : "\u3042\u308c\u306f\u30b9\u30d7\u30fc\u30f3\u3060\u3002",
        "subject" : 300010
      },
      "model" : "subjects.SubjectExample",
      "pk" : 22
    },
    {
      "fields" : 
      {
        "audio_file" : "",
        "example_text" : "\u3042\u308c\u306f\u30db\u30c6\u30eb\u306e\u5165\u53e3\u3067\u3059\u3002",
        "subject" : 300010
      },
      "model" : "subjects.SubjectExample",
      "pk" : 23
    },
    {
      "fields" : 
      {
        "language" : 
        [
          "English"
        ],
        "subject_example" : 8,
        "translation" : "Australia<bold>'s</bold> population"
      },
      "model" : "subjects.SubjectExampleTranslation",
      "pk" : 8
    },
    {
      "fields" : 
      {
        "language" : 
        [
          "English"
        ],
        "subject_example" : 9,
        "translation" : "<bold>My</bold> (\u79c1\u306eX means the X that belongs to \u79c1, so basically \"my\"!)"
      },
      "model" : "subjects.SubjectExampleTranslation",
      "pk" : 9
    },
    {
      "fields" : 
      {
        "language" : 
        [
          "English"
        ],
        "subject_example" : 10,
        "translation" : "<bold>My</bold> cute apartment. Since the overall term \u304b\u308f\u3044\u3044\u30a2\u30d1\u30fc\u30c8 meaning 'cute apartment' is a noun, this sentence is grammatically correct."
      },
      "model" : "subjects.SubjectExampleTranslation",
      "pk" : 10
    },
    {
      "fields" : 
      {
        "language" : 
        [
          "English"
        ],
        "subject_example" : 11,
        "translation" : "Andrew <bold>and</bold> Steve are boring."
      },
      "model" : "subjects.SubjectExampleTranslation",
      "pk" : 11
    },
    {
      "fields" : 
      {
        "language" : 
        [
          "English"
        ],
        "subject_example" : 12,
        "translation" : "Is France <bold>and</bold> Spain <bold>and</bold> Germany big?/Is France<bold>,</bold> Spain, <bold>and</bold> Germany big?"
      },
      "model" : "subjects.SubjectExampleTranslation",
      "pk" : 12
    },
    {
      "fields" : 
      {
        "language" : 
        [
          "English"
        ],
        "subject_example" : 13,
        "translation" : "German curry"
      },
      "model" : "subjects.SubjectExampleTranslation",
      "pk" : 13
    },
    {
      "fields" : 
      {
        "language" : 
        [
          "English"
        ],
        "subject_example" : 14,
        "translation" : "Mountain pants"
      },
      "model" : "subjects.SubjectExampleTranslation",
      "pk" : 14
    },
    {
      "fields" : 
      {
        "language" : 
        [
          "English"
        ],
        "subject_example" : 15,
        "translation" : "<bold>This</bold> is a book."
      },
      "model" : "subjects.SubjectExampleTranslation",
      "pk" : 15
    },
    {
      "fields" : 
      {
        "language" : 
        [
          "English"
        ],
        "subject_example" : 16,
        "translation" : "<bold>This</bold> is a spoon."
      },
      "model" : "subjects.SubjectExampleTranslation",
      "pk" : 16
    },
    {
      "fields" : 
      {
        "language" : 
        [
          "English"
        ],
        "subject_example" : 17,
        "translation" : "<bold>This</bold> is the hotel's entrance."
      },
      "model" : "subjects.SubjectExampleTranslation",
      "pk" : 17
    },
    {
      "fields" : 
      {
        "language" : 
        [
          "English"
        ],
        "subject_example" : 18,
        "translation" : "<bold>That</bold> is a book."
      },
      "model" : "subjects.SubjectExampleTranslation",
      "pk" : 18
    },
    {
      "fields" : 
      {
        "language" : 
        [
          "English"
        ],
        "subject_example" : 19,
        "translation" : "<bold>That</bold> is a spoon."
      },
      "model" : "subjects.SubjectExampleTranslation",
      "pk" : 19
    },
    {
      "fields" : 
      {
        "language" : 
        [
          "English"
        ],
        "subject_example" : 20,
        "translation" : "<bold>That</bold> is the hotel's entrance."
      },
      "model" : "subjects.SubjectExampleTranslation",
      "pk" : 20
    },
    {
      "fields" : 
      {
        "language" : 
        [
          "English"
        ],
        "subject_example" : 21,
        "translation" : "<bold>That (over there)</bold> is a book."
      },
      "model" : "subjects.SubjectExampleTranslation",
      "pk" : 21
    },
    {
      "fields" : 
      {
        "language" : 
        [
          "English"
        ],
        "subject_example" : 22,
        "translation" : "<bold>That (over there)</bold> is a spoon."
      },
      "model" : "subjects.SubjectExampleTranslation",
      "pk" : 22
    },
    {
      "fields" : 
      {
        "language" : 
        [
          "English"
        ],
        "subject_example" : 23,
        "translation" : "<bold>That (over there)</bold> is the hotel's entrance."
      },
      "model" : "subjects.SubjectExampleTranslation",
      "pk" : 23
    },
    {
      "fields" : 
      {
        "audio_link" : "",
        "language" : 
        [
          "Japanese"
        ],
        "recommended_level" : 16,
        "slug" : "naruhaya_and_her_mean_friend",
        "title" : "\u306a\u308b\u306f\u3084 and her Mean Friend"
      },
      "model" : "stories.Story",
      "pk" : 2
    },
    {
      "fields" : 
      {
        "header" : null,
        "story" : 
        [
          "Japanese",
          "Two People and Their Countries"
        ],
        "text" : "<speaker>\u30ed\u30d0\u30fc\u30c8</speaker> \u79c1\u306f\u30a2\u30e1\u30ea\u30ab\u4eba\u3067\u3059\u3002"
      },
      "model" : "stories.StorySection",
      "pk" : 5
    },
    {
      "fields" : 
      {
        "header" : null,
        "story" : 
        [
          "Japanese",
          "\u306a\u308b\u306f\u3084 and her Mean Friend"
        ],
        "text" : "<speaker>\u306a\u308b\u306f\u3084</speaker> \u3053\u3093\u306b\u3061\u306f\u3001\u306f\u308b\u3053\u3061\u3083\u3093\u3002"
      },
      "model" : "stories.StorySection",
      "pk" : 9
    },
    {
      "fields" : 
      {
        "header" : null,
        "story" : 
        [
          "Japanese",
          "\u306a\u308b\u306f\u3084 and her Mean Friend"
        ],
        "text" : "<speaker>\u306f\u308b\u3053</speaker> \u3053\u3093\u306b\u3061\u306f\u3001\u306a\u308b\u306f\u3084\u3055\u3093\u3002"
      },
      "model" : "stories.StorySection",
      "pk" : 10
    },
    {
      "fields" : 
      {
        "header" : null,
        "story" : 
        [
          "Japanese",
          "\u306a\u308b\u306f\u3084 and her Mean Friend"
        ],
        "text" : "<speaker>\u306a\u308b\u306f\u3084</speaker> \u30b9\u30ea\u30c3\u30d1\u306f\u304b\u308f\u3044\u3044\u3067\u3059\u3002\u767d\u3044\u30b9\u30ab\u30fc\u30c8\u3082\u304b\u308f\u3044\u3044\u3067\u3059\u3002\u4eca\u65e5\u306f\u308b\u3053\u3061\u3083\u3093\u306f\u304b\u308f\u3044\u3044\u3067\u3059\u3002"
      },
      "model" : "stories.StorySection",
      "pk" : 11
    },
    {
      "fields" : 
      {
        "header" : null,
        "story" : 
        [
          "Japanese",
          "\u306a\u308b\u306f\u3084 and her Mean Friend"
        ],
        "text" : "<speaker>\u306f\u308b\u3053</speaker> \u306f\u3044\u3002\ud83d\ude10"
      },
      "model" : "stories.StorySection",
      "pk" : 12
    },
    {
      "fields" : 
      {
        "header" : null,
        "story" : 
        [
          "Japanese",
          "\u306a\u308b\u306f\u3084 and her Mean Friend"
        ],
        "text" : "<speaker>\u306a\u308b\u306f\u3084</speaker> \u4eca\u79c1\u306f\u3064\u307e\u3089\u306a\u3044\u3067\u3059\u304b\uff1f"
      },
      "model" : "stories.StorySection",
      "pk" : 13
    },
    {
      "fields" : 
      {
        "header" : null,
        "story" : 
        [
          "Japanese",
          "\u306a\u308b\u306f\u3084 and her Mean Friend"
        ],
        "text" : "<speaker>\u306f\u308b\u3053</speaker> \u306f\u3044\u3001\u306a\u308b\u306f\u3084\u3055\u3093\u306f\u3064\u307e\u3089\u306a\u3044\u3067\u3059\u3002"
      },
      "model" : "stories.StorySection",
      "pk" : 14
    },
    {
      "fields" : 
      {
        "header" : null,
        "story" : 
        [
          "Japanese",
          "\u306a\u308b\u306f\u3084 and her Mean Friend"
        ],
        "text" : "<speaker>\u306a\u308b\u306f\u3084</speaker> \ud83d\ude2d"
      },
      "model" : "stories.StorySection",
      "pk" : 15
    },
    {
      "fields" : 
      {
        "language" : 
        [
          "English"
        ],
        "story_section_being_translated" : 9,
        "translation_text" : "Hello, Haruko-chan."
      },
      "model" : "stories.StorySectionTranslation",
      "pk" : 9
    },
    {
      "fields" : 
      {
        "language" : 
        [
          "English"
        ],
        "story_section_being_translated" : 10,
        "translation_text" : "Hello, Naruhaya-san."
      },
      "model" : "stories.StorySectionTranslation",
      "pk" : 10
    },
    {
      "fields" : 
      {
        "language" : 
        [
          "English"
        ],
        "story_section_being_translated" : 11,
        "translation_text" : "The slippers are cute? The white skirt is also cute. Haruko-chan is cute today."
      },
      "model" : "stories.StorySectionTranslation",
      "pk" : 11
    },
    {
      "fields" : 
      {
        "language" : 
        [
          "English"
        ],
        "story_section_being_translated" : 12,
        "translation_text" : "Got it."
      },
      "model" : "stories.StorySectionTranslation",
      "pk" : 12
    },
    {
      "fields" : 
      {
        "language" : 
        [
          "English"
        ],
        "story_section_being_translated" : 13,
        "translation_text" : "Am I boring right now?"
      },
      "model" : "stories.StorySectionTranslation",
      "pk" : 13
    },
    {
      "fields" : 
      {
        "language" : 
        [
          "English"
        ],
        "story_section_being_translated" : 14,
        "translation_text" : "Yes, you are boring."
      },
      "model" : "stories.StorySectionTranslation",
      "pk" : 14
    },
    {
      "fields" : 
      {
        "explanation" : "It means 'Hello' or 'Good day.'",
        "translation_being_explained" : 9,
        "words_being_explained" : "\u3053\u3093\u306b\u3061\u306f"
      },
      "model" : "stories.StorySectionTranslationExplanation",
      "pk" : 8
    },
    {
      "fields" : 
      {
        "explanation" : "\u3061\u3083\u3093 is an informal and affectionate honorific, usually used for close friends, children, or pets.",
        "translation_being_explained" : 9,
        "words_being_explained" : "\u306f\u308b\u3053\u3061\u3083\u3093"
      },
      "model" : "stories.StorySectionTranslationExplanation",
      "pk" : 9
    },
    {
      "fields" : 
      {
        "explanation" : "\u3055\u3093 is a more formal and respectful honorific, used when addressing someone you are not close to or someone of higher status.",
        "translation_being_explained" : 10,
        "words_being_explained" : "\u306a\u308b\u306f\u3084\u3055\u3093"
      },
      "model" : "stories.StorySectionTranslationExplanation",
      "pk" : 10
    },
    {
      "fields" : 
      {
        "explanation" : "The '\u306f' particle is being used to mark the object \u30b9\u30ea\u30c3\u30d1 as the topic so we know that Naruhaya is referring to the slippers when she says cute.",
        "translation_being_explained" : 11,
        "words_being_explained" : "\u30b9\u30ea\u30c3\u30d1\u306f\u304b\u308f\u3044\u3044\u3067\u3059"
      },
      "model" : "stories.StorySectionTranslationExplanation",
      "pk" : 11
    },
    {
      "fields" : 
      {
        "explanation" : "The particle '\u3082' indicates 'also' or 'as well'",
        "translation_being_explained" : 11,
        "words_being_explained" : "\u767d\u3044\u30b9\u30ab\u30fc\u30c8\u3082\u304b\u308f\u3044\u3044\u3067\u3059"
      },
      "model" : "stories.StorySectionTranslationExplanation",
      "pk" : 12
    },
    {
      "fields" : 
      {
        "explanation" : "While this does usually mean \"yes\", it can also mean like \"understood\", \"I see\", \"Got it\" etc.",
        "translation_being_explained" : 12,
        "words_being_explained" : "\u306f\u3044"
      },
      "model" : "stories.StorySectionTranslationExplanation",
      "pk" : 13
    },
    {
      "fields" : 
      {
        "explanation" : "No explanation, just want to mention how rude of Haruko!",
        "translation_being_explained" : 12,
        "words_being_explained" : "\ud83d\ude10"
      },
      "model" : "stories.StorySectionTranslationExplanation",
      "pk" : 14
    },
    {
      "fields" : 
      {
        "explanation" : "The particle \u304b at the end of the sentence indicates that it is a question.",
        "translation_being_explained" : 13,
        "words_being_explained" : "\u3067\u3059\u304b"
      },
      "model" : "stories.StorySectionTranslationExplanation",
      "pk" : 15
    },
    {
      "fields" : 
      {
        "explanation" : "This is translated as \"you\" because it is more natural in English but in Japanese, the word \"you\" is not used with friends, saying the name is the standard.",
        "translation_being_explained" : 14,
        "words_being_explained" : "\u306a\u308b\u306f\u3084\u3055\u3093"
      },
      "model" : "stories.StorySectionTranslationExplanation",
      "pk" : 16
    },
    {
      "fields" : 
      {
        "course" : 
        [
          "Japanese",
          "main"
        ],
        "levels_this_finishes_covering" : 
        [
          5,
          "Japanese",
          "main"
        ],
        "levels_this_starts_to_cover" : 
        [
          1,
          "Japanese",
          "main"
        ],
        "slug" : "hiragana-test",
        "text_to_encourage_user_to_take" : "Know the Hiragana?"
      },
      "model" : "languages.TestForSkippingACoursesLevels",
      "pk" : 1
    },
    {
      "fields" : 
      {
        "answer" : "akai",
        "question" : "\u3042\u304b\u3044",
        "subjects_covered" : 
        [
          1,
          6,
          2
        ],
        "test" : 1
      },
      "model" : "languages.CustomQuestionForTestForSkippingACoursesLevels",
      "pk" : 1
    },
    {
      "fields" : 
      {
        "answer" : "ureshii",
        "question" : "\u3046\u308c\u3057\u3044",
        "subjects_covered" : 
        [
          3,
          42,
          12,
          2
        ],
        "test" : 1
      },
      "model" : "languages.CustomQuestionForTestForSkippingACoursesLevels",
      "pk" : 2
    },
    {
      "fields" : 
      {
        "answer" : "omotenashi",
        "question" : "\u304a\u3082\u3066\u306a\u3057",
        "subjects_covered" : 
        [
          5,
          35,
          19,
          21,
          12
        ],
        "test" : 1
      },
      "model" : "languages.CustomQuestionForTestForSkippingACoursesLevels",
      "pk" : 3
    },
    {
      "fields" : 
      {
        "answer" : "kaeru",
        "question" : "\u304b\u3048\u308b",
        "subjects_covered" : 
        [
          6,
          4,
          41
        ],
        "test" : 1
      },
      "model" : "languages.CustomQuestionForTestForSkippingACoursesLevels",
      "pk" : 4
    },
    {
      "fields" : 
      {
        "answer" : "kyuuryou",
        "question" : "\u304d\u3085\u3046\u308a\u3087\u3046",
        "subjects_covered" : 
        [
          7,
          74,
          3,
          40,
          75
        ],
        "test" : 1
      },
      "model" : "languages.CustomQuestionForTestForSkippingACoursesLevels",
      "pk" : 5
    },
    {
      "fields" : 
      {
        "answer" : "kujikenai",
        "question" : "\u304f\u3058\u3051\u306a\u3044",
        "subjects_covered" : 
        [
          8,
          53,
          9,
          21,
          2
        ],
        "test" : 1
      },
      "model" : "languages.CustomQuestionForTestForSkippingACoursesLevels",
      "pk" : 6
    },
    {
      "fields" : 
      {
        "answer" : "kentou",
        "question" : "\u3051\u3093\u3068\u3046",
        "subjects_covered" : 
        [
          9,
          46,
          20,
          3
        ],
        "test" : 1
      },
      "model" : "languages.CustomQuestionForTestForSkippingACoursesLevels",
      "pk" : 7
    },
    {
      "fields" : 
      {
        "answer" : "komagere",
        "question" : "\u3053\u307e\u3052\u308c",
        "subjects_covered" : 
        [
          10,
          31,
          50,
          42
        ],
        "test" : 1
      },
      "model" : "languages.CustomQuestionForTestForSkippingACoursesLevels",
      "pk" : 8
    },
    {
      "fields" : 
      {
        "answer" : "sakana",
        "question" : "\u3055\u304b\u306a",
        "subjects_covered" : 
        [
          11,
          6,
          21
        ],
        "test" : 1
      },
      "model" : "languages.CustomQuestionForTestForSkippingACoursesLevels",
      "pk" : 9
    },
    {
      "fields" : 
      {
        "answer" : "suisei",
        "question" : "\u3059\u3044\u305b\u3044",
        "subjects_covered" : 
        [
          13,
          2,
          14
        ],
        "test" : 1
      },
      "model" : "languages.CustomQuestionForTestForSkippingACoursesLevels",
      "pk" : 10
    },
    {
      "fields" : 
      {
        "answer" : "sotsugyou",
        "question" : "\u305d\u3064\u304e\u3087\u3046",
        "subjects_covered" : 
        [
          15,
          18,
          48,
          75,
          3
        ],
        "test" : 1
      },
      "model" : "languages.CustomQuestionForTestForSkippingACoursesLevels",
      "pk" : 11
    },
    {
      "fields" : 
      {
        "answer" : "taiyou",
        "question" : "\u305f\u3044\u3088\u3046",
        "subjects_covered" : 
        [
          16,
          2,
          38,
          3
        ],
        "test" : 1
      },
      "model" : "languages.CustomQuestionForTestForSkippingACoursesLevels",
      "pk" : 12
    },
    {
      "fields" : 
      {
        "answer" : "chotto",
        "question" : "\u3061\u3087\u3063\u3068",
        "subjects_covered" : 
        [
          17,
          75,
          72,
          20
        ],
        "test" : 1
      },
      "model" : "languages.CustomQuestionForTestForSkippingACoursesLevels",
      "pk" : 13
    },
    {
      "fields" : 
      {
        "answer" : "tegami",
        "question" : "\u3066\u304c\u307f",
        "subjects_covered" : 
        [
          19,
          47,
          32
        ],
        "test" : 1
      },
      "model" : "languages.CustomQuestionForTestForSkippingACoursesLevels",
      "pk" : 14
    },
    {
      "fields" : 
      {
        "answer" : "tomodachi",
        "question" : "\u3068\u3082\u3060\u3061",
        "subjects_covered" : 
        [
          20,
          35,
          57,
          17
        ],
        "test" : 1
      },
      "model" : "languages.CustomQuestionForTestForSkippingACoursesLevels",
      "pk" : 15
    },
    {
      "fields" : 
      {
        "answer" : "nani",
        "question" : "\u306a\u306b",
        "subjects_covered" : 
        [
          21,
          22
        ],
        "test" : 1
      },
      "model" : "languages.CustomQuestionForTestForSkippingACoursesLevels",
      "pk" : 16
    },
    {
      "fields" : 
      {
        "answer" : "nihongo",
        "question" : "\u306b\u307b\u3093\u3054",
        "subjects_covered" : 
        [
          22,
          30,
          46,
          51
        ],
        "test" : 1
      },
      "model" : "languages.CustomQuestionForTestForSkippingACoursesLevels",
      "pk" : 17
    },
    {
      "fields" : 
      {
        "answer" : "nuno",
        "question" : "\u306c\u306e",
        "subjects_covered" : 
        [
          23,
          25
        ],
        "test" : 1
      },
      "model" : "languages.CustomQuestionForTestForSkippingACoursesLevels",
      "pk" : 18
    },
    {
      "fields" : 
      {
        "answer" : "neko",
        "question" : "\u306d\u3053",
        "subjects_covered" : 
        [
          24,
          10
        ],
        "test" : 1
      },
      "model" : "languages.CustomQuestionForTestForSkippingACoursesLevels",
      "pk" : 19
    },
    {
      "fields" : 
      {
        "answer" : "hana",
        "question" : "\u306f\u306a",
        "subjects_covered" : 
        [
          26,
          21
        ],
        "test" : 1
      },
      "model" : "languages.CustomQuestionForTestForSkippingACoursesLevels",
      "pk" : 20
    },
    {
      "fields" : 
      {
        "answer" : "hikouki",
        "question" : "\u3072\u3053\u3046\u304d",
        "subjects_covered" : 
        [
          27,
          10,
          3,
          7
        ],
        "test" : 1
      },
      "model" : "languages.CustomQuestionForTestForSkippingACoursesLevels",
      "pk" : 21
    },
    {
      "fields" : 
      {
        "answer" : "fujisan",
        "question" : "\u3075\u3058\u3055\u3093",
        "subjects_covered" : 
        [
          28,
          53,
          11,
          46
        ],
        "test" : 1
      },
      "model" : "languages.CustomQuestionForTestForSkippingACoursesLevels",
      "pk" : 22
    },
    {
      "fields" : 
      {
        "answer" : "heta",
        "question" : "\u3078\u305f",
        "subjects_covered" : 
        [
          29,
          16
        ],
        "test" : 1
      },
      "model" : "languages.CustomQuestionForTestForSkippingACoursesLevels",
      "pk" : 23
    },
    {
      "fields" : 
      {
        "answer" : "muzukashii",
        "question" : "\u3080\u305a\u304b\u3057\u3044",
        "subjects_covered" : 
        [
          33,
          54,
          6,
          12,
          2
        ],
        "test" : 1
      },
      "model" : "languages.CustomQuestionForTestForSkippingACoursesLevels",
      "pk" : 24
    },
    {
      "fields" : 
      {
        "answer" : "megane",
        "question" : "\u3081\u304c\u306d",
        "subjects_covered" : 
        [
          34,
          47,
          24
        ],
        "test" : 1
      },
      "model" : "languages.CustomQuestionForTestForSkippingACoursesLevels",
      "pk" : 25
    },
    {
      "fields" : 
      {
        "answer" : "yasai",
        "question" : "\u3084\u3055\u3044",
        "subjects_covered" : 
        [
          36,
          11,
          2
        ],
        "test" : 1
      },
      "model" : "languages.CustomQuestionForTestForSkippingACoursesLevels",
      "pk" : 26
    },
    {
      "fields" : 
      {
        "answer" : "yume",
        "question" : "\u3086\u3081",
        "subjects_covered" : 
        [
          37,
          34
        ],
        "test" : 1
      },
      "model" : "languages.CustomQuestionForTestForSkippingACoursesLevels",
      "pk" : 27
    },
    {
      "fields" : 
      {
        "answer" : "rainen",
        "question" : "\u3089\u3044\u306d\u3093",
        "subjects_covered" : 
        [
          39,
          2,
          24,
          46
        ],
        "test" : 1
      },
      "model" : "languages.CustomQuestionForTestForSkippingACoursesLevels",
      "pk" : 28
    },
    {
      "fields" : 
      {
        "answer" : "rousoku",
        "question" : "\u308d\u3046\u305d\u304f",
        "subjects_covered" : 
        [
          43,
          3,
          15,
          8
        ],
        "test" : 1
      },
      "model" : "languages.CustomQuestionForTestForSkippingACoursesLevels",
      "pk" : 29
    },
    {
      "fields" : 
      {
        "answer" : "watashi",
        "question" : "\u308f\u305f\u3057",
        "subjects_covered" : 
        [
          44,
          16,
          12
        ],
        "test" : 1
      },
      "model" : "languages.CustomQuestionForTestForSkippingACoursesLevels",
      "pk" : 30
    },
    {
      "fields" : 
      {
        "answer" : "wo",
        "question" : "\u3092",
        "subjects_covered" : 
        [
          45
        ],
        "test" : 1
      },
      "model" : "languages.CustomQuestionForTestForSkippingACoursesLevels",
      "pk" : 31
    },
    {
      "fields" : 
      {
        "answer" : "guai",
        "question" : "\u3050\u3042\u3044",
        "subjects_covered" : 
        [
          49,
          1,
          2
        ],
        "test" : 1
      },
      "model" : "languages.CustomQuestionForTestForSkippingACoursesLevels",
      "pk" : 32
    },
    {
      "fields" : 
      {
        "answer" : "zasshi",
        "question" : "\u3056\u3063\u3057",
        "subjects_covered" : 
        [
          52,
          72,
          12
        ],
        "test" : 1
      },
      "model" : "languages.CustomQuestionForTestForSkippingACoursesLevels",
      "pk" : 33
    },
    {
      "fields" : 
      {
        "answer" : "zuibun",
        "question" : "\u305a\u3044\u3076\u3093",
        "subjects_covered" : 
        [
          54,
          2,
          64,
          46
        ],
        "test" : 1
      },
      "model" : "languages.CustomQuestionForTestForSkippingACoursesLevels",
      "pk" : 34
    },
    {
      "fields" : 
      {
        "answer" : "zenryaku",
        "question" : "\u305c\u3093\u308a\u3083\u304f",
        "subjects_covered" : 
        [
          55,
          46,
          40,
          73,
          8
        ],
        "test" : 1
      },
      "model" : "languages.CustomQuestionForTestForSkippingACoursesLevels",
      "pk" : 35
    },
    {
      "fields" : 
      {
        "answer" : "zokuzai",
        "question" : "\u305e\u304f\u3056\u3044",
        "subjects_covered" : 
        [
          56,
          8,
          52,
          2
        ],
        "test" : 1
      },
      "model" : "languages.CustomQuestionForTestForSkippingACoursesLevels",
      "pk" : 36
    },
    {
      "fields" : 
      {
        "answer" : "junbi",
        "question" : "\u3062\u3085\u3093\u3073",
        "subjects_covered" : 
        [
          58,
          74,
          46,
          63
        ],
        "test" : 1
      },
      "model" : "languages.CustomQuestionForTestForSkippingACoursesLevels",
      "pk" : 37
    },
    {
      "fields" : 
      {
        "answer" : "zukeru",
        "question" : "\u3065\u3051\u308b",
        "subjects_covered" : 
        [
          59,
          9,
          41
        ],
        "test" : 1
      },
      "model" : "languages.CustomQuestionForTestForSkippingACoursesLevels",
      "pk" : 38
    },
    {
      "fields" : 
      {
        "answer" : "denwa",
        "question" : "\u3067\u3093\u308f",
        "subjects_covered" : 
        [
          60,
          46,
          44
        ],
        "test" : 1
      },
      "model" : "languages.CustomQuestionForTestForSkippingACoursesLevels",
      "pk" : 39
    },
    {
      "fields" : 
      {
        "answer" : "doubutsu",
        "question" : "\u3069\u3046\u3076\u3064",
        "subjects_covered" : 
        [
          61,
          3,
          64,
          18
        ],
        "test" : 1
      },
      "model" : "languages.CustomQuestionForTestForSkippingACoursesLevels",
      "pk" : 40
    },
    {
      "fields" : 
      {
        "answer" : "bangohan",
        "question" : "\u3070\u3093\u3054\u306f\u3093",
        "subjects_covered" : 
        [
          62,
          46,
          51,
          26
        ],
        "test" : 1
      },
      "model" : "languages.CustomQuestionForTestForSkippingACoursesLevels",
      "pk" : 41
    },
    {
      "fields" : 
      {
        "answer" : "bunpou",
        "question" : "\u3076\u3093\u307d\u3046",
        "subjects_covered" : 
        [
          64,
          46,
          71,
          3
        ],
        "test" : 1
      },
      "model" : "languages.CustomQuestionForTestForSkippingACoursesLevels",
      "pk" : 42
    },
    {
      "fields" : 
      {
        "answer" : "bentou",
        "question" : "\u3079\u3093\u3068\u3046",
        "subjects_covered" : 
        [
          65,
          46,
          20,
          3
        ],
        "test" : 1
      },
      "model" : "languages.CustomQuestionForTestForSkippingACoursesLevels",
      "pk" : 43
    },
    {
      "fields" : 
      {
        "answer" : "boushi",
        "question" : "\u307c\u3046\u3057",
        "subjects_covered" : 
        [
          66,
          3,
          12
        ],
        "test" : 1
      },
      "model" : "languages.CustomQuestionForTestForSkippingACoursesLevels",
      "pk" : 44
    },
    {
      "fields" : 
      {
        "answer" : "panya",
        "question" : "\u3071\u3093\u3084",
        "subjects_covered" : 
        [
          67,
          46,
          36
        ],
        "test" : 1
      },
      "model" : "languages.CustomQuestionForTestForSkippingACoursesLevels",
      "pk" : 45
    },
    {
      "fields" : 
      {
        "answer" : "pikurusu",
        "question" : "\u3074\u304f\u308b\u3059",
        "subjects_covered" : 
        [
          68,
          8,
          41,
          13
        ],
        "test" : 1
      },
      "model" : "languages.CustomQuestionForTestForSkippingACoursesLevels",
      "pk" : 46
    },
    {
      "fields" : 
      {
        "answer" : "purasu",
        "question" : "\u3077\u3089\u3059",
        "subjects_covered" : 
        [
          69,
          39,
          13
        ],
        "test" : 1
      },
      "model" : "languages.CustomQuestionForTestForSkippingACoursesLevels",
      "pk" : 47
    },
    {
      "fields" : 
      {
        "answer" : "pen",
        "question" : "\u307a\u3093",
        "subjects_covered" : 
        [
          70,
          46
        ],
        "test" : 1
      },
      "model" : "languages.CustomQuestionForTestForSkippingACoursesLevels",
      "pk" : 48
    },
    {
      "fields" : 
      {
        "question" : 1,
        "text" : "ekoi"
      },
      "model" : "languages.WrongChoicesForCustomQuestionForTestForSkippingACoursesLevels",
      "pk" : 1
    },
    {
      "fields" : 
      {
        "question" : 1,
        "text" : "ikaa"
      },
      "model" : "languages.WrongChoicesForCustomQuestionForTestForSkippingACoursesLevels",
      "pk" : 2
    },
    {
      "fields" : 
      {
        "question" : 1,
        "text" : "akoo"
      },
      "model" : "languages.WrongChoicesForCustomQuestionForTestForSkippingACoursesLevels",
      "pk" : 3
    },
    {
      "fields" : 
      {
        "question" : 2,
        "text" : "aroshii"
      },
      "model" : "languages.WrongChoicesForCustomQuestionForTestForSkippingACoursesLevels",
      "pk" : 4
    },
    {
      "fields" : 
      {
        "question" : 2,
        "text" : "ureriu"
      },
      "model" : "languages.WrongChoicesForCustomQuestionForTestForSkippingACoursesLevels",
      "pk" : 5
    },
    {
      "fields" : 
      {
        "question" : 2,
        "text" : "irushii"
      },
      "model" : "languages.WrongChoicesForCustomQuestionForTestForSkippingACoursesLevels",
      "pk" : 6
    },
    {
      "fields" : 
      {
        "question" : 3,
        "text" : "ametenashi"
      },
      "model" : "languages.WrongChoicesForCustomQuestionForTestForSkippingACoursesLevels",
      "pk" : 7
    },
    {
      "fields" : 
      {
        "question" : 3,
        "text" : "omotanushi"
      },
      "model" : "languages.WrongChoicesForCustomQuestionForTestForSkippingACoursesLevels",
      "pk" : 8
    },
    {
      "fields" : 
      {
        "question" : 3,
        "text" : "umotenani"
      },
      "model" : "languages.WrongChoicesForCustomQuestionForTestForSkippingACoursesLevels",
      "pk" : 9
    },
    {
      "fields" : 
      {
        "question" : 4,
        "text" : "koaru"
      },
      "model" : "languages.WrongChoicesForCustomQuestionForTestForSkippingACoursesLevels",
      "pk" : 10
    },
    {
      "fields" : 
      {
        "question" : 4,
        "text" : "keere"
      },
      "model" : "languages.WrongChoicesForCustomQuestionForTestForSkippingACoursesLevels",
      "pk" : 11
    },
    {
      "fields" : 
      {
        "question" : 4,
        "text" : "kaara"
      },
      "model" : "languages.WrongChoicesForCustomQuestionForTestForSkippingACoursesLevels",
      "pk" : 12
    },
    {
      "fields" : 
      {
        "question" : 5,
        "text" : "myouryou"
      },
      "model" : "languages.WrongChoicesForCustomQuestionForTestForSkippingACoursesLevels",
      "pk" : 13
    },
    {
      "fields" : 
      {
        "question" : 5,
        "text" : "kyuigyou"
      },
      "model" : "languages.WrongChoicesForCustomQuestionForTestForSkippingACoursesLevels",
      "pk" : 14
    },
    {
      "fields" : 
      {
        "question" : 5,
        "text" : "kyuiryau"
      },
      "model" : "languages.WrongChoicesForCustomQuestionForTestForSkippingACoursesLevels",
      "pk" : 15
    },
    {
      "fields" : 
      {
        "question" : 6,
        "text" : "kogikenai"
      },
      "model" : "languages.WrongChoicesForCustomQuestionForTestForSkippingACoursesLevels",
      "pk" : 16
    },
    {
      "fields" : 
      {
        "question" : 6,
        "text" : "kujikonoi"
      },
      "model" : "languages.WrongChoicesForCustomQuestionForTestForSkippingACoursesLevels",
      "pk" : 17
    },
    {
      "fields" : 
      {
        "question" : 6,
        "text" : "kajikenae"
      },
      "model" : "languages.WrongChoicesForCustomQuestionForTestForSkippingACoursesLevels",
      "pk" : 18
    },
    {
      "fields" : 
      {
        "question" : 7,
        "text" : "kautou"
      },
      "model" : "languages.WrongChoicesForCustomQuestionForTestForSkippingACoursesLevels",
      "pk" : 19
    },
    {
      "fields" : 
      {
        "question" : 7,
        "text" : "kentai"
      },
      "model" : "languages.WrongChoicesForCustomQuestionForTestForSkippingACoursesLevels",
      "pk" : 20
    },
    {
      "fields" : 
      {
        "question" : 7,
        "text" : "kentsua"
      },
      "model" : "languages.WrongChoicesForCustomQuestionForTestForSkippingACoursesLevels",
      "pk" : 21
    },
    {
      "fields" : 
      {
        "question" : 8,
        "text" : "kemegere"
      },
      "model" : "languages.WrongChoicesForCustomQuestionForTestForSkippingACoursesLevels",
      "pk" : 22
    },
    {
      "fields" : 
      {
        "question" : 8,
        "text" : "komagaru"
      },
      "model" : "languages.WrongChoicesForCustomQuestionForTestForSkippingACoursesLevels",
      "pk" : 23
    },
    {
      "fields" : 
      {
        "question" : 8,
        "text" : "kumegere"
      },
      "model" : "languages.WrongChoicesForCustomQuestionForTestForSkippingACoursesLevels",
      "pk" : 24
    },
    {
      "fields" : 
      {
        "question" : 9,
        "text" : "sekona"
      },
      "model" : "languages.WrongChoicesForCustomQuestionForTestForSkippingACoursesLevels",
      "pk" : 25
    },
    {
      "fields" : 
      {
        "question" : 9,
        "text" : "sekanu"
      },
      "model" : "languages.WrongChoicesForCustomQuestionForTestForSkippingACoursesLevels",
      "pk" : 26
    },
    {
      "fields" : 
      {
        "question" : 9,
        "text" : "sakone"
      },
      "model" : "languages.WrongChoicesForCustomQuestionForTestForSkippingACoursesLevels",
      "pk" : 27
    },
    {
      "fields" : 
      {
        "question" : 10,
        "text" : "saasei"
      },
      "model" : "languages.WrongChoicesForCustomQuestionForTestForSkippingACoursesLevels",
      "pk" : 28
    },
    {
      "fields" : 
      {
        "question" : 10,
        "text" : "suosoi"
      },
      "model" : "languages.WrongChoicesForCustomQuestionForTestForSkippingACoursesLevels",
      "pk" : 29
    },
    {
      "fields" : 
      {
        "question" : 10,
        "text" : "seusei"
      },
      "model" : "languages.WrongChoicesForCustomQuestionForTestForSkippingACoursesLevels",
      "pk" : 30
    },
    {
      "fields" : 
      {
        "question" : 11,
        "text" : "sutegyou"
      },
      "model" : "languages.WrongChoicesForCustomQuestionForTestForSkippingACoursesLevels",
      "pk" : 31
    },
    {
      "fields" : 
      {
        "question" : 11,
        "text" : "sotsushieu"
      },
      "model" : "languages.WrongChoicesForCustomQuestionForTestForSkippingACoursesLevels",
      "pk" : 32
    },
    {
      "fields" : 
      {
        "question" : 11,
        "text" : "setsugyoe"
      },
      "model" : "languages.WrongChoicesForCustomQuestionForTestForSkippingACoursesLevels",
      "pk" : 33
    },
    {
      "fields" : 
      {
        "question" : 12,
        "text" : "touyou"
      },
      "model" : "languages.WrongChoicesForCustomQuestionForTestForSkippingACoursesLevels",
      "pk" : 34
    },
    {
      "fields" : 
      {
        "question" : 12,
        "text" : "taiyue"
      },
      "model" : "languages.WrongChoicesForCustomQuestionForTestForSkippingACoursesLevels",
      "pk" : 35
    },
    {
      "fields" : 
      {
        "question" : 12,
        "text" : "taiyui"
      },
      "model" : "languages.WrongChoicesForCustomQuestionForTestForSkippingACoursesLevels",
      "pk" : 36
    },
    {
      "fields" : 
      {
        "question" : 13,
        "text" : "jietto"
      },
      "model" : "languages.WrongChoicesForCustomQuestionForTestForSkippingACoursesLevels",
      "pk" : 37
    },
    {
      "fields" : 
      {
        "question" : 13,
        "text" : "chotsutsu"
      },
      "model" : "languages.WrongChoicesForCustomQuestionForTestForSkippingACoursesLevels",
      "pk" : 38
    },
    {
      "fields" : 
      {
        "question" : 13,
        "text" : "ryatto"
      },
      "model" : "languages.WrongChoicesForCustomQuestionForTestForSkippingACoursesLevels",
      "pk" : 39
    },
    {
      "fields" : 
      {
        "question" : 14,
        "text" : "tsugemi"
      },
      "model" : "languages.WrongChoicesForCustomQuestionForTestForSkippingACoursesLevels",
      "pk" : 40
    },
    {
      "fields" : 
      {
        "question" : 14,
        "text" : "tagagi"
      },
      "model" : "languages.WrongChoicesForCustomQuestionForTestForSkippingACoursesLevels",
      "pk" : 41
    },
    {
      "fields" : 
      {
        "question" : 14,
        "text" : "tegeri"
      },
      "model" : "languages.WrongChoicesForCustomQuestionForTestForSkippingACoursesLevels",
      "pk" : 42
    },
    {
      "fields" : 
      {
        "question" : 15,
        "text" : "temudachi"
      },
      "model" : "languages.WrongChoicesForCustomQuestionForTestForSkippingACoursesLevels",
      "pk" : 43
    },
    {
      "fields" : 
      {
        "question" : 15,
        "text" : "tomozumi"
      },
      "model" : "languages.WrongChoicesForCustomQuestionForTestForSkippingACoursesLevels",
      "pk" : 44
    },
    {
      "fields" : 
      {
        "question" : 15,
        "text" : "temadachi"
      },
      "model" : "languages.WrongChoicesForCustomQuestionForTestForSkippingACoursesLevels",
      "pk" : 45
    },
    {
      "fields" : 
      {
        "question" : 16,
        "text" : "nochi"
      },
      "model" : "languages.WrongChoicesForCustomQuestionForTestForSkippingACoursesLevels",
      "pk" : 46
    },
    {
      "fields" : 
      {
        "question" : 16,
        "text" : "nori"
      },
      "model" : "languages.WrongChoicesForCustomQuestionForTestForSkippingACoursesLevels",
      "pk" : 47
    },
    {
      "fields" : 
      {
        "question" : 16,
        "text" : "neki"
      },
      "model" : "languages.WrongChoicesForCustomQuestionForTestForSkippingACoursesLevels",
      "pk" : 48
    },
    {
      "fields" : 
      {
        "question" : 17,
        "text" : "kifungo"
      },
      "model" : "languages.WrongChoicesForCustomQuestionForTestForSkippingACoursesLevels",
      "pk" : 49
    },
    {
      "fields" : 
      {
        "question" : 17,
        "text" : "nihosge"
      },
      "model" : "languages.WrongChoicesForCustomQuestionForTestForSkippingACoursesLevels",
      "pk" : 50
    },
    {
      "fields" : 
      {
        "question" : 17,
        "text" : "hihango"
      },
      "model" : "languages.WrongChoicesForCustomQuestionForTestForSkippingACoursesLevels",
      "pk" : 51
    },
    {
      "fields" : 
      {
        "question" : 18,
        "text" : "nanu"
      },
      "model" : "languages.WrongChoicesForCustomQuestionForTestForSkippingACoursesLevels",
      "pk" : 52
    },
    {
      "fields" : 
      {
        "question" : 18,
        "text" : "nano"
      },
      "model" : "languages.WrongChoicesForCustomQuestionForTestForSkippingACoursesLevels",
      "pk" : 53
    },
    {
      "fields" : 
      {
        "question" : 18,
        "text" : "nuno"
      },
      "model" : "languages.WrongChoicesForCustomQuestionForTestForSkippingACoursesLevels",
      "pk" : 54
    },
    {
      "fields" : 
      {
        "question" : 19,
        "text" : "nuke"
      },
      "model" : "languages.WrongChoicesForCustomQuestionForTestForSkippingACoursesLevels",
      "pk" : 55
    },
    {
      "fields" : 
      {
        "question" : 19,
        "text" : "nuku"
      },
      "model" : "languages.WrongChoicesForCustomQuestionForTestForSkippingACoursesLevels",
      "pk" : 56
    },
    {
      "fields" : 
      {
        "question" : 19,
        "text" : "nuka"
      },
      "model" : "languages.WrongChoicesForCustomQuestionForTestForSkippingACoursesLevels",
      "pk" : 57
    },
    {
      "fields" : 
      {
        "question" : 20,
        "text" : "heno"
      },
      "model" : "languages.WrongChoicesForCustomQuestionForTestForSkippingACoursesLevels",
      "pk" : 58
    },
    {
      "fields" : 
      {
        "question" : 20,
        "text" : "honu"
      },
      "model" : "languages.WrongChoicesForCustomQuestionForTestForSkippingACoursesLevels",
      "pk" : 59
    },
    {
      "fields" : 
      {
        "question" : 20,
        "text" : "funo"
      },
      "model" : "languages.WrongChoicesForCustomQuestionForTestForSkippingACoursesLevels",
      "pk" : 60
    },
    {
      "fields" : 
      {
        "question" : 21,
        "text" : "kikauki"
      },
      "model" : "languages.WrongChoicesForCustomQuestionForTestForSkippingACoursesLevels",
      "pk" : 61
    },
    {
      "fields" : 
      {
        "question" : 21,
        "text" : "hikoeni"
      },
      "model" : "languages.WrongChoicesForCustomQuestionForTestForSkippingACoursesLevels",
      "pk" : 62
    },
    {
      "fields" : 
      {
        "question" : 21,
        "text" : "shikeuki"
      },
      "model" : "languages.WrongChoicesForCustomQuestionForTestForSkippingACoursesLevels",
      "pk" : 63
    },
    {
      "fields" : 
      {
        "question" : 22,
        "text" : "honisan"
      },
      "model" : "languages.WrongChoicesForCustomQuestionForTestForSkippingACoursesLevels",
      "pk" : 64
    },
    {
      "fields" : 
      {
        "question" : 22,
        "text" : "fujises"
      },
      "model" : "languages.WrongChoicesForCustomQuestionForTestForSkippingACoursesLevels",
      "pk" : 65
    },
    {
      "fields" : 
      {
        "question" : 22,
        "text" : "horisan"
      },
      "model" : "languages.WrongChoicesForCustomQuestionForTestForSkippingACoursesLevels",
      "pk" : 66
    },
    {
      "fields" : 
      {
        "question" : 23,
        "text" : "futsu"
      },
      "model" : "languages.WrongChoicesForCustomQuestionForTestForSkippingACoursesLevels",
      "pk" : 67
    },
    {
      "fields" : 
      {
        "question" : 23,
        "text" : "hote"
      },
      "model" : "languages.WrongChoicesForCustomQuestionForTestForSkippingACoursesLevels",
      "pk" : 68
    },
    {
      "fields" : 
      {
        "question" : 23,
        "text" : "hate"
      },
      "model" : "languages.WrongChoicesForCustomQuestionForTestForSkippingACoursesLevels",
      "pk" : 69
    },
    {
      "fields" : 
      {
        "question" : 24,
        "text" : "mezakashii"
      },
      "model" : "languages.WrongChoicesForCustomQuestionForTestForSkippingACoursesLevels",
      "pk" : 70
    },
    {
      "fields" : 
      {
        "question" : 24,
        "text" : "muzukuhii"
      },
      "model" : "languages.WrongChoicesForCustomQuestionForTestForSkippingACoursesLevels",
      "pk" : 71
    },
    {
      "fields" : 
      {
        "question" : 24,
        "text" : "mazukashia"
      },
      "model" : "languages.WrongChoicesForCustomQuestionForTestForSkippingACoursesLevels",
      "pk" : 72
    },
    {
      "fields" : 
      {
        "question" : 25,
        "text" : "mugune"
      },
      "model" : "languages.WrongChoicesForCustomQuestionForTestForSkippingACoursesLevels",
      "pk" : 73
    },
    {
      "fields" : 
      {
        "question" : 25,
        "text" : "magana"
      },
      "model" : "languages.WrongChoicesForCustomQuestionForTestForSkippingACoursesLevels",
      "pk" : 74
    },
    {
      "fields" : 
      {
        "question" : 25,
        "text" : "megenu"
      },
      "model" : "languages.WrongChoicesForCustomQuestionForTestForSkippingACoursesLevels",
      "pk" : 75
    },
    {
      "fields" : 
      {
        "question" : 26,
        "text" : "yusei"
      },
      "model" : "languages.WrongChoicesForCustomQuestionForTestForSkippingACoursesLevels",
      "pk" : 76
    },
    {
      "fields" : 
      {
        "question" : 26,
        "text" : "yisao"
      },
      "model" : "languages.WrongChoicesForCustomQuestionForTestForSkippingACoursesLevels",
      "pk" : 77
    },
    {
      "fields" : 
      {
        "question" : 26,
        "text" : "yasoo"
      },
      "model" : "languages.WrongChoicesForCustomQuestionForTestForSkippingACoursesLevels",
      "pk" : 78
    },
    {
      "fields" : 
      {
        "question" : 27,
        "text" : "yomu"
      },
      "model" : "languages.WrongChoicesForCustomQuestionForTestForSkippingACoursesLevels",
      "pk" : 79
    },
    {
      "fields" : 
      {
        "question" : 27,
        "text" : "yomo"
      },
      "model" : "languages.WrongChoicesForCustomQuestionForTestForSkippingACoursesLevels",
      "pk" : 80
    },
    {
      "fields" : 
      {
        "question" : 27,
        "text" : "yimo"
      },
      "model" : "languages.WrongChoicesForCustomQuestionForTestForSkippingACoursesLevels",
      "pk" : 81
    },
    {
      "fields" : 
      {
        "question" : 28,
        "text" : "ruunen"
      },
      "model" : "languages.WrongChoicesForCustomQuestionForTestForSkippingACoursesLevels",
      "pk" : 82
    },
    {
      "fields" : 
      {
        "question" : 28,
        "text" : "rainau"
      },
      "model" : "languages.WrongChoicesForCustomQuestionForTestForSkippingACoursesLevels",
      "pk" : 83
    },
    {
      "fields" : 
      {
        "question" : 28,
        "text" : "ruanen"
      },
      "model" : "languages.WrongChoicesForCustomQuestionForTestForSkippingACoursesLevels",
      "pk" : 84
    },
    {
      "fields" : 
      {
        "question" : 29,
        "text" : "ruesoku"
      },
      "model" : "languages.WrongChoicesForCustomQuestionForTestForSkippingACoursesLevels",
      "pk" : 85
    },
    {
      "fields" : 
      {
        "question" : 29,
        "text" : "rouseke"
      },
      "model" : "languages.WrongChoicesForCustomQuestionForTestForSkippingACoursesLevels",
      "pk" : 86
    },
    {
      "fields" : 
      {
        "question" : 29,
        "text" : "rouseka"
      },
      "model" : "languages.WrongChoicesForCustomQuestionForTestForSkippingACoursesLevels",
      "pk" : 87
    },
    {
      "fields" : 
      {
        "question" : 30,
        "text" : "ratsushi"
      },
      "model" : "languages.WrongChoicesForCustomQuestionForTestForSkippingACoursesLevels",
      "pk" : 88
    },
    {
      "fields" : 
      {
        "question" : 30,
        "text" : "ratari"
      },
      "model" : "languages.WrongChoicesForCustomQuestionForTestForSkippingACoursesLevels",
      "pk" : 89
    },
    {
      "fields" : 
      {
        "question" : 30,
        "text" : "watsuni"
      },
      "model" : "languages.WrongChoicesForCustomQuestionForTestForSkippingACoursesLevels",
      "pk" : 90
    },
    {
      "fields" : 
      {
        "question" : 31,
        "text" : "so"
      },
      "model" : "languages.WrongChoicesForCustomQuestionForTestForSkippingACoursesLevels",
      "pk" : 91
    },
    {
      "fields" : 
      {
        "question" : 31,
        "text" : "to"
      },
      "model" : "languages.WrongChoicesForCustomQuestionForTestForSkippingACoursesLevels",
      "pk" : 92
    },
    {
      "fields" : 
      {
        "question" : 31,
        "text" : "mo"
      },
      "model" : "languages.WrongChoicesForCustomQuestionForTestForSkippingACoursesLevels",
      "pk" : 93
    },
    {
      "fields" : 
      {
        "question" : 32,
        "text" : "gaui"
      },
      "model" : "languages.WrongChoicesForCustomQuestionForTestForSkippingACoursesLevels",
      "pk" : 94
    },
    {
      "fields" : 
      {
        "question" : 32,
        "text" : "gaau"
      },
      "model" : "languages.WrongChoicesForCustomQuestionForTestForSkippingACoursesLevels",
      "pk" : 95
    },
    {
      "fields" : 
      {
        "question" : 32,
        "text" : "guee"
      },
      "model" : "languages.WrongChoicesForCustomQuestionForTestForSkippingACoursesLevels",
      "pk" : 96
    },
    {
      "fields" : 
      {
        "question" : 33,
        "text" : "zuushi"
      },
      "model" : "languages.WrongChoicesForCustomQuestionForTestForSkippingACoursesLevels",
      "pk" : 97
    },
    {
      "fields" : 
      {
        "question" : 33,
        "text" : "zerri"
      },
      "model" : "languages.WrongChoicesForCustomQuestionForTestForSkippingACoursesLevels",
      "pk" : 98
    },
    {
      "fields" : 
      {
        "question" : 33,
        "text" : "zatsugi"
      },
      "model" : "languages.WrongChoicesForCustomQuestionForTestForSkippingACoursesLevels",
      "pk" : 99
    },
    {
      "fields" : 
      {
        "question" : 34,
        "text" : "zaabun"
      },
      "model" : "languages.WrongChoicesForCustomQuestionForTestForSkippingACoursesLevels",
      "pk" : 100
    },
    {
      "fields" : 
      {
        "question" : 34,
        "text" : "zuibos"
      },
      "model" : "languages.WrongChoicesForCustomQuestionForTestForSkippingACoursesLevels",
      "pk" : 101
    },
    {
      "fields" : 
      {
        "question" : 34,
        "text" : "zeubun"
      },
      "model" : "languages.WrongChoicesForCustomQuestionForTestForSkippingACoursesLevels",
      "pk" : 102
    },
    {
      "fields" : 
      {
        "question" : 35,
        "text" : "zosryaku"
      },
      "model" : "languages.WrongChoicesForCustomQuestionForTestForSkippingACoursesLevels",
      "pk" : 103
    },
    {
      "fields" : 
      {
        "question" : 35,
        "text" : "zenchieku"
      },
      "model" : "languages.WrongChoicesForCustomQuestionForTestForSkippingACoursesLevels",
      "pk" : 104
    },
    {
      "fields" : 
      {
        "question" : 35,
        "text" : "zunryako"
      },
      "model" : "languages.WrongChoicesForCustomQuestionForTestForSkippingACoursesLevels",
      "pk" : 105
    },
    {
      "fields" : 
      {
        "question" : 36,
        "text" : "zakozai"
      },
      "model" : "languages.WrongChoicesForCustomQuestionForTestForSkippingACoursesLevels",
      "pk" : 106
    },
    {
      "fields" : 
      {
        "question" : 36,
        "text" : "zokuzou"
      },
      "model" : "languages.WrongChoicesForCustomQuestionForTestForSkippingACoursesLevels",
      "pk" : 107
    },
    {
      "fields" : 
      {
        "question" : 36,
        "text" : "zakezai"
      },
      "model" : "languages.WrongChoicesForCustomQuestionForTestForSkippingACoursesLevels",
      "pk" : 108
    },
    {
      "fields" : 
      {
        "question" : 37,
        "text" : "nienbi"
      },
      "model" : "languages.WrongChoicesForCustomQuestionForTestForSkippingACoursesLevels",
      "pk" : 109
    },
    {
      "fields" : 
      {
        "question" : 37,
        "text" : "jusshi"
      },
      "model" : "languages.WrongChoicesForCustomQuestionForTestForSkippingACoursesLevels",
      "pk" : 110
    },
    {
      "fields" : 
      {
        "question" : 37,
        "text" : "pyonbi"
      },
      "model" : "languages.WrongChoicesForCustomQuestionForTestForSkippingACoursesLevels",
      "pk" : 111
    },
    {
      "fields" : 
      {
        "question" : 38,
        "text" : "dokuru"
      },
      "model" : "languages.WrongChoicesForCustomQuestionForTestForSkippingACoursesLevels",
      "pk" : 112
    },
    {
      "fields" : 
      {
        "question" : 38,
        "text" : "dokere"
      },
      "model" : "languages.WrongChoicesForCustomQuestionForTestForSkippingACoursesLevels",
      "pk" : 113
    },
    {
      "fields" : 
      {
        "question" : 38,
        "text" : "zukoro"
      },
      "model" : "languages.WrongChoicesForCustomQuestionForTestForSkippingACoursesLevels",
      "pk" : 114
    },
    {
      "fields" : 
      {
        "question" : 39,
        "text" : "zuuwa"
      },
      "model" : "languages.WrongChoicesForCustomQuestionForTestForSkippingACoursesLevels",
      "pk" : 115
    },
    {
      "fields" : 
      {
        "question" : 39,
        "text" : "donma"
      },
      "model" : "languages.WrongChoicesForCustomQuestionForTestForSkippingACoursesLevels",
      "pk" : 116
    },
    {
      "fields" : 
      {
        "question" : 39,
        "text" : "desra"
      },
      "model" : "languages.WrongChoicesForCustomQuestionForTestForSkippingACoursesLevels",
      "pk" : 117
    },
    {
      "fields" : 
      {
        "question" : 40,
        "text" : "zuobutsu"
      },
      "model" : "languages.WrongChoicesForCustomQuestionForTestForSkippingACoursesLevels",
      "pk" : 118
    },
    {
      "fields" : 
      {
        "question" : 40,
        "text" : "doubota"
      },
      "model" : "languages.WrongChoicesForCustomQuestionForTestForSkippingACoursesLevels",
      "pk" : 119
    },
    {
      "fields" : 
      {
        "question" : 40,
        "text" : "daobutsu"
      },
      "model" : "languages.WrongChoicesForCustomQuestionForTestForSkippingACoursesLevels",
      "pk" : 120
    },
    {
      "fields" : 
      {
        "question" : 41,
        "text" : "bomgohan"
      },
      "model" : "languages.WrongChoicesForCustomQuestionForTestForSkippingACoursesLevels",
      "pk" : 121
    },
    {
      "fields" : 
      {
        "question" : 41,
        "text" : "bangefun"
      },
      "model" : "languages.WrongChoicesForCustomQuestionForTestForSkippingACoursesLevels",
      "pk" : 122
    },
    {
      "fields" : 
      {
        "question" : 41,
        "text" : "bemgohan"
      },
      "model" : "languages.WrongChoicesForCustomQuestionForTestForSkippingACoursesLevels",
      "pk" : 123
    },
    {
      "fields" : 
      {
        "question" : 42,
        "text" : "bampou"
      },
      "model" : "languages.WrongChoicesForCustomQuestionForTestForSkippingACoursesLevels",
      "pk" : 124
    },
    {
      "fields" : 
      {
        "question" : 42,
        "text" : "bunpaa"
      },
      "model" : "languages.WrongChoicesForCustomQuestionForTestForSkippingACoursesLevels",
      "pk" : 125
    },
    {
      "fields" : 
      {
        "question" : 42,
        "text" : "bompou"
      },
      "model" : "languages.WrongChoicesForCustomQuestionForTestForSkippingACoursesLevels",
      "pk" : 126
    },
    {
      "fields" : 
      {
        "question" : 43,
        "text" : "buutou"
      },
      "model" : "languages.WrongChoicesForCustomQuestionForTestForSkippingACoursesLevels",
      "pk" : 127
    },
    {
      "fields" : 
      {
        "question" : 43,
        "text" : "bentsuo"
      },
      "model" : "languages.WrongChoicesForCustomQuestionForTestForSkippingACoursesLevels",
      "pk" : 128
    },
    {
      "fields" : 
      {
        "question" : 43,
        "text" : "bustou"
      },
      "model" : "languages.WrongChoicesForCustomQuestionForTestForSkippingACoursesLevels",
      "pk" : 129
    },
    {
      "fields" : 
      {
        "question" : 44,
        "text" : "buoshi"
      },
      "model" : "languages.WrongChoicesForCustomQuestionForTestForSkippingACoursesLevels",
      "pk" : 130
    },
    {
      "fields" : 
      {
        "question" : 44,
        "text" : "bauni"
      },
      "model" : "languages.WrongChoicesForCustomQuestionForTestForSkippingACoursesLevels",
      "pk" : 131
    },
    {
      "fields" : 
      {
        "question" : 44,
        "text" : "boabi"
      },
      "model" : "languages.WrongChoicesForCustomQuestionForTestForSkippingACoursesLevels",
      "pk" : 132
    },
    {
      "fields" : 
      {
        "question" : 45,
        "text" : "peuya"
      },
      "model" : "languages.WrongChoicesForCustomQuestionForTestForSkippingACoursesLevels",
      "pk" : 133
    },
    {
      "fields" : 
      {
        "question" : 45,
        "text" : "pon'yo"
      },
      "model" : "languages.WrongChoicesForCustomQuestionForTestForSkippingACoursesLevels",
      "pk" : 134
    },
    {
      "fields" : 
      {
        "question" : 45,
        "text" : "pasyi"
      },
      "model" : "languages.WrongChoicesForCustomQuestionForTestForSkippingACoursesLevels",
      "pk" : 135
    },
    {
      "fields" : 
      {
        "question" : 46,
        "text" : "jikorusu"
      },
      "model" : "languages.WrongChoicesForCustomQuestionForTestForSkippingACoursesLevels",
      "pk" : 136
    },
    {
      "fields" : 
      {
        "question" : 46,
        "text" : "pikurase"
      },
      "model" : "languages.WrongChoicesForCustomQuestionForTestForSkippingACoursesLevels",
      "pk" : 137
    },
    {
      "fields" : 
      {
        "question" : 46,
        "text" : "kikarusu"
      },
      "model" : "languages.WrongChoicesForCustomQuestionForTestForSkippingACoursesLevels",
      "pk" : 138
    },
    {
      "fields" : 
      {
        "question" : 47,
        "text" : "perusu"
      },
      "model" : "languages.WrongChoicesForCustomQuestionForTestForSkippingACoursesLevels",
      "pk" : 139
    },
    {
      "fields" : 
      {
        "question" : 47,
        "text" : "parasa"
      },
      "model" : "languages.WrongChoicesForCustomQuestionForTestForSkippingACoursesLevels",
      "pk" : 140
    },
    {
      "fields" : 
      {
        "question" : 47,
        "text" : "purose"
      },
      "model" : "languages.WrongChoicesForCustomQuestionForTestForSkippingACoursesLevels",
      "pk" : 141
    },
    {
      "fields" : 
      {
        "question" : 48,
        "text" : "pus"
      },
      "model" : "languages.WrongChoicesForCustomQuestionForTestForSkippingACoursesLevels",
      "pk" : 142
    },
    {
      "fields" : 
      {
        "question" : 48,
        "text" : "pos"
      },
      "model" : "languages.WrongChoicesForCustomQuestionForTestForSkippingACoursesLevels",
      "pk" : 143
    },
    {
      "fields" : 
      {
        "question" : 48,
        "text" : "pum"
      },
      "model" : "languages.WrongChoicesForCustomQuestionForTestForSkippingACoursesLevels",
      "pk" : 144
    }
  ]